,5,Date,CRUDE_PETRO,WHEAT_US_HRW,RICE_05,COPPER,ALUMINUM,CRUDE_PETRO_logret,WHEAT_US_HRW_logret,RICE_05_logret,COPPER_logret,ALUMINUM_logret,CRUDE_PETRO_vol_3m,CRUDE_PETRO_vol_6m,CRUDE_PETRO_vol_12m,WHEAT_US_HRW_vol_3m,WHEAT_US_HRW_vol_6m,WHEAT_US_HRW_vol_12m,RICE_05_vol_3m,RICE_05_vol_6m,RICE_05_vol_12m,COPPER_vol_3m,COPPER_vol_6m,COPPER_vol_12m,ALUMINUM_vol_3m,ALUMINUM_vol_6m,ALUMINUM_vol_12m,CRUDE_PETRO_shock,WHEAT_US_HRW_shock,RICE_05_shock,COPPER_shock,ALUMINUM_shock
0,606,2010-01-01,77.1210877193,201.19093202368,568.8,7386.25,2235.15,,,,,,,,,,,,,,,,,,,,,0,0,0,0,0
1,607,2010-02-01,74.76301559454,194.0,535.0,6848.175,2048.925,-0.03105343566739665,-0.03639620868178608,-0.06126213159302453,-0.07563797025828527,-0.0869930745416768,,,,,,,,,,,,,,,,0,0,0,0,0
2,608,2010-03-01,79.29768115942,191.07507175435,502.2,7462.826,2205.63,0.05888556806456935,-0.015191762404684997,-0.06326830017252198,0.08595196943721989,0.0736979170102049,,,,,,,,,,,,,,,,0,0,0,0,0
3,609,2010-04-01,84.18285714286,192.87,466.0,7745.075,2316.725,0.05978241679744147,0.009349990163061945,-0.07481281259783878,0.03712299463214536,0.04914136807172893,0.05218713255034247,,,0.02289337920945469,,,0.007313474267882661,,,0.08287602447263476,,,0.08656135139055741,,,0,0,0,0,0
4,610,2010-05-01,75.61831746032,181.605588975,451.33333333333,6837.684,2040.526,-0.1072927553558706,-0.060179144834039786,-0.03197946932154261,-0.12460807968233133,-0.12694693269014767,0.09620304279884365,,,0.035262025869166796,,,0.022162137379565922,,,0.11020945472497448,,,0.10944440709956352,,,0,0,0,1,1
5,611,2010-06-01,74.725,157.67209847046,440.0,6499.295,1931.386,-0.01188384011560371,-0.1413196915704205,-0.025431437891796454,-0.050755368325744184,-0.05496973786108048,0.08381828225125858,,,0.07540937378932949,,,0.026820676662134273,,,0.08096683482532908,,,0.08853147144680554,,,0,1,0,0,0
6,612,2010-07-01,74.5794011544,195.81769059129,441.8,6735.25,1988.273,-0.0019503630251761271,0.2166665259108449,0.004082564073710006,0.03566121921753306,0.029028542853503866,0.05816435720780731,0.062410492726761725,,0.1876972054673021,0.12004826585167655,,0.01921120888190524,0.02965975995083655,,0.08021668337197521,0.08055203480132192,,0.07806490537744414,0.08137661713783124,,0,1,0,0,0
7,613,2010-08-01,75.82626984127,246.24722445586,452.75,7283.952,2118.143,0.016580455289524083,0.22915193241534898,0.02448280577750598,0.07831864335953201,0.06327333867512584,0.014446921860318276,0.061546548018597526,,0.2103803070080388,0.15092208195499213,,0.025095410917375913,0.03805593229514787,,0.0657616693441629,0.08202483380534252,,0.06084110774881546,0.07955582525302896,,0,1,0,0,0
8,614,2010-09-01,76.11624098124,271.67359754743,476.5,7709.295,2162.341,0.0038168579739131904,0.09826532794840512,0.05112762633073396,0.056753171647842195,0.02065166968406649,0.009482980209299795,0.055210028554227915,,0.07223345517995773,0.14976530946916478,,0.023591503437517,0.04480312016292229,,0.021329150092070752,0.07737168902202134,,0.02258127805854831,0.07315633857258683,,0,0,0,0,0
9,615,2010-10-01,81.71936507937,270.23219586429,486.0,8292.405,2346.57,0.07102934204658547,-0.005319762585869757,0.019740900806237045,0.07291329193272772,0.08176325636239401,0.03569572500253025,0.0580420438235711,,0.11750046096833316,0.15084706365738385,,0.016919213260966327,0.03160675558613224,,0.011220790835296876,0.08157081845151576,,0.03133983022185486,0.07882611469261325,,0,0,0,0,0
10,616,2010-11-01,84.53406349206,274.08076079559,514.5,8469.886,2333.068,0.03386357092717877,0.01414123628176699,0.056986931373610564,0.021177013666994853,-0.0057705478360309285,0.03366902017536615,0.030186125381230014,,0.05505370749952127,0.1421807412420363,,0.02002800034851743,0.03051025212947188,,0.02646839307894575,0.04760222754824517,,0.04489789616910478,0.049033144856870665,,0,0,0,0,0
11,617,2010-12-01,90.00596179183,306.5201043804,532.0,9147.262,2350.667,0.06272133888576935,0.11186053624813835,0.033447934067540125,0.07693755022965297,0.007514978035717795,0.019506786131036995,0.030493815383186348,,0.06279465807650536,0.09818335869892253,,0.018838055225294015,0.019888334587747424,,0.031096823474928613,0.0238491284301614,,0.04717251832301777,0.033510687941479905,,0,0,0,0,0
12,618,2011-01-01,92.6905952381,326.55656760729,516.8,9555.7,2439.525,0.02939110341505501,0.06331984161371078,-0.028987536873252413,0.04368323554707365,0.037104230551636606,0.018090874005660586,0.026083987553979133,0.050563867266922885,0.048859997004887246,0.08405421403196098,0.10935668147339847,0.0444294977391233,0.03069873073998489,0.045808617900952156,0.0280523822698384,0.022608897400073876,0.06827940106092839,0.021947952387148868,0.03349380838464128,0.06560050657150047,0,0,0,0,0
13,619,2011-02-01,97.9141920078,348.1203485495,524.0,9867.6,2508.175,0.05482448967620723,0.06394506090499172,0.013835731852650227,0.03211882770060477,0.027752048828022038,0.01741705084431529,0.02496984501123728,0.04946859092906006,0.02784625262674394,0.045865780865012626,0.10675926542379688,0.03192871970417632,0.031118062252985364,0.04290698623883033,0.02326765588745915,0.02229133691575232,0.06105202848944898,0.015124627828451719,0.030289761615360993,0.058596926502365164,0,0,0,0,0
14,620,2011-03-01,108.6452173913,316.74657066378,492.75,9503.36,2555.5,0.10399618388673298,-0.09444625664562764,-0.06148973828821256,-0.03761124249720806,0.01869250217529097,0.03792675107016145,0.02723459556263309,0.05399363350463926,0.09126731994034394,0.07187829621666657,0.11332256215738455,0.03778040032682626,0.04331569339632609,0.042677553115651815,0.043978802430116946,0.04181684182621955,0.061257881636288036,0.009206251773920239,0.0303973794751683,0.05583216882672979,0,0,0,0,0
15,621,2011-04-01,116.24316666667,336.12429558105,484.25,9492.79,2678.11,0.0675965741320036,0.05937902637256057,-0.017400643745724326,-0.0011128571937860036,0.04686342262863627,0.025514418287104604,0.026973829746045383,0.05447987342276024,0.090158079544023,0.0711644927943128,0.11292696587144249,0.0378450478267219,0.043542119684948304,0.036491625900914114,0.03487778591135296,0.03918512678052462,0.06128876362669351,0.014381242142043506,0.019346153479757128,0.055699122332840134,0,0,0,0,0
16,622,2011-05-01,108.06851298701,355.27788556364,481.4,8959.9,2596.45,-0.07291885587784583,0.05541924061997444,-0.005902776938133687,-0.05777349688144692,-0.030966194429709753,0.09342416617775437,0.060747143110445885,0.04720061689191072,0.08769033096594167,0.07057901202336703,0.10783483748140417,0.029342686399500884,0.03326291125228111,0.03495003915107571,0.0287201344049395,0.05115790784170598,0.04907440609878745,0.03940608286196648,0.027572068346572484,0.03799899659060553,0,0,0,0,0
17,623,2011-06-01,105.84545454546,326.42992919659,513.75,9066.85,2557.76,-0.020785351255298165,-0.0846849457727584,0.06503824046147288,0.011865838807371831,-0.015013251969606442,0.07103268392114608,0.06422402901177464,0.04797804590908453,0.08205617082042369,0.07762357569001903,0.09932070199757886,0.04464862543637081,0.04284206039401054,0.037374365159044375,0.03703266961950708,0.039550649372691274,0.0435973176085394,0.04111096472540502,0.03062235999399995,0.03212099386691481,0,0,0,0,0
18,624,2011-07-01,107.91661111111,303.88392977625,538.25,9650.46,2525.43,0.019378755300328968,-0.07156949517703134,0.04658637043402804,0.06238067759093108,-0.012720530197384327,0.0462779767435125,0.06428006725345813,0.04711394933202498,0.0773814546132991,0.07878703283809217,0.0927965584239825,0.03680627222149664,0.045682965232479306,0.03845966432933614,0.06033021859682979,0.04427450366788495,0.04470661518250415,0.009938621714796592,0.02987394230114856,0.0336799889381254,0,0,0,0,0
19,625,2011-08-01,100.48642512077,327.06658952609,566.0,9000.76,2379.35,-0.0713361645942606,0.073517969308678,0.05027094195871053,-0.06969656439314266,-0.059584004119568296,0.045456456959974696,0.07278187592896347,0.05559668867782941,0.08779763639138698,0.08070594036966568,0.07198370946615609,0.009764908942226714,0.04910243742897214,0.03965101366143111,0.0666440449993994,0.04946578121050952,0.050232082234140565,0.026419669782169804,0.03735929265634555,0.03773526695510462,0,0,0,0,0
20,626,2011-09-01,100.81935064935,315.91622907614,598.75,8300.14,2293.46,0.0033076629902049673,-0.03468670727843088,0.056250070521942024,-0.08103663608525499,-0.03676574682854409,0.04840657272172473,0.05452039633158939,0.055613239653250796,0.0754088461094873,0.07141121032013373,0.06964945879008642,0.004877040514582444,0.034933876180663785,0.04005845769062929,0.07973029635192566,0.056109535778994725,0.05590570699193097,0.02343441378505128,0.03603763623217509,0.03980266649707439,0,0,0,0,0
21,627,2011-10-01,99.84775396825,289.01083578214,599.4,7394.19,2180.65,-0.00968374239068331,-0.08901289911655108,0.0010850061574378801,-0.1155778254352027,-0.05043859681379898,0.039877936200774275,0.038641204901167986,0.05419482269882869,0.08274042779078464,0.07224315385744856,0.07554489744074923,0.030271522881421153,0.030142081005769476,0.04038906841397412,0.023898330145642768,0.06595382270101594,0.06163008940062579,0.011483743345174905,0.018732673673052286,0.034544144046994206,0,0,0,1,0
22,628,2011-11-01,105.40501443001,281.0064022425,615.25,7581.02,2079.98,0.05416364466264147,-0.02808672861005736,0.026099534388602342,0.024953198550095517,-0.047264719213838506,0.03374313836217875,0.04202627187478434,0.05508886427747542,0.033433748146251024,0.06074064242960406,0.07609232866344424,0.027622351390662513,0.02342099649315602,0.03858619427758861,0.07323012530156144,0.07040344501749002,0.061810641023608386,0.0071559852208483606,0.0193336733815242,0.036526840800229415,0,0,0,0,0
23,629,2011-12-01,104.23047619048,269.0300071375,585.75,7565.48,2022.25,-0.011205645821219804,-0.04355452877778931,-0.04913561188326018,-0.0020519599184826865,-0.02814752536645821,0.03730940266195726,0.041446268808012915,0.0537988795690652,0.03166942407767926,0.05675556987766204,0.0685620173120646,0.03831484554226546,0.040227361071111516,0.04217548967602757,0.07457252557923043,0.06904937321953553,0.05570327414448655,0.01205841660340961,0.01694748076403631,0.036461235437279325,0,0,0,0,0
24,630,2012-01-01,107.07457226399,274.89317414625,542.0,8040.47,2144.2,0.026920964369035377,0.021559640469804645,-0.07762707594825886,0.060891743867144736,0.05855576952407729,0.032835311715039193,0.04234936218999012,0.05373192166594718,0.03401928335921447,0.05658017626323219,0.06544278072385484,0.0535899562279642,0.05441661208130428,0.04799174397385657,0.03157733224342899,0.0686517574066741,0.057564852805194945,0.056392825019684976,0.04344598809396634,0.03951453119597958,0,0,0,0,0
25,631,2012-02-01,112.68752380952,277.7729592825,537.5,8441.49,2207.92,0.05109318349084642,0.010421522239265677,-0.0083372414378284,0.04867129411709135,0.029284373434398107,0.03140880639652537,0.029361622403662833,0.053471873737073766,0.03482653872627783,0.0398447472217923,0.06131508048817188,0.034826598364977326,0.048808462490550465,0.04800410699007132,0.03337688256439312,0.07203175376095866,0.05896191133178371,0.044107253700092344,0.045335289269990725,0.039652509906762855,0,0,0,0,0
26,632,2012-03-01,117.785,283.87825408636,548.0,8470.78,2184.16,0.04424221639302492,0.021741376669343067,0.019346526946197592,0.0034637608415940633,-0.01081958060186986,0.012458315155796179,0.02971207904263585,0.046412955216881914,0.006483695063797855,0.044157768819970036,0.057329989715450516,0.049952230275125485,0.040642403216361235,0.04374969005224541,0.03025181452224996,0.06325311299249735,0.05859490547978557,0.034828343255361584,0.04376369626319516,0.03856924881588901,0,0,0,0,0
27,633,2012-04-01,113.6655,266.32392179211,547.75,8289.48,2049.67,-0.035601004011455925,-0.06383214443358108,-0.00045630847243965147,-0.02163535314869889,-0.0635525106899339,0.048197091443049914,0.036930709928368194,0.043584515586299534,0.04648400017323714,0.0365859273350089,0.05492791259177151,0.01426331206839761,0.04052691839374383,0.04309373215656394,0.03562936812450542,0.03164339382416355,0.058624629352640116,0.046561386181631956,0.04653828668683093,0.036056398279923234,0,0,0,0,0
28,634,2012-05-01,104.0860342556,264.35872401848,600.5,7955.64285714286,2007.63095238095,-0.08804211501877103,-0.007406335113272045,0.09194366304446226,-0.04110577077033995,-0.020723408299223735,0.06661350501875965,0.05368539716326823,0.045978634899132405,0.043505341766973404,0.03591909453039859,0.049913723528268714,0.048648828688557806,0.05871928846237387,0.04865400355729248,0.022343924728234276,0.03965584918719124,0.05761203623377233,0.028027307310090364,0.04348605854343609,0.03595332370232521,0,0,1,0,0
29,635,2012-06-01,90.72825396825,276.1899195,600.0,7423.02380952381,1890.17857142857,-0.13734899087842142,0.043781759296499224,-0.0008329863038918846,-0.06929497456925757,-0.06028408943764873,0.05088203835375942,0.07741870796084871,0.06017051056748967,0.053828191564740814,0.03735604471372007,0.04963883621413738,0.05345621773442332,0.05445733565273267,0.04658855663784551,0.02396235897934154,0.0509667299313698,0.05955490393747031,0.023839959735747845,0.04846793972585966,0.03755784657039673,0,0,0,0,0
30,636,2012-07-01,96.75411255411,345.68794675714,573.75,7584.26136363636,1876.25,0.06430401928979695,0.22444773692130485,-0.044735893841391414,0.021488731199575076,-0.007396202880189478,0.10512250722823885,0.08351577514035531,0.06365431443809838,0.1218036173514873,0.09823685825596483,0.08163218837322987,0.0697809348665128,0.045518147692015606,0.048027979225917374,0.04646572952331027,0.042973382701057,0.055663270453185754,0.027506939854431766,0.03510527379286455,0.03774970154061179,0,1,0,0,0
31,637,2012-08-01,105.27363699103,349.40035068261,567.75,7515.53260869565,1845.37608695652,0.08439018880979549,0.010681921243432441,-0.010512580389087024,-0.009103333422854396,-0.0165920060769868,0.12263472491148461,0.08980617572107688,0.0656550274356342,0.1150591287865303,0.09822219212642376,0.0792188951391545,0.023066552319881816,0.045696835717172375,0.04601981980201533,0.04618908477638815,0.03245396570980069,0.05345756106891567,0.028256826577377568,0.025248683215481574,0.036150612814152924,0,0,0,0,0
32,638,2012-09-01,106.28496491228,353.42092377237,563.25,8087.74,2064.12,0.009560808360904331,0.011441363815128867,-0.007957601673314088,0.07337744137090871,0.11202088757561478,0.03872920845898315,0.08657084843207902,0.0656748982610062,0.12319910422380874,0.09865717162239881,0.07820402147993409,0.020536170832189417,0.045834722865170256,0.042517161028579005,0.041696104677549514,0.05006312506991215,0.05469440269939004,0.07174756755814023,0.06395103429850864,0.052249329305434654,0,0,0,0,1
33,639,2012-10-01,103.40786561265,358.195666995,558.25,8062.03,1974.3,-0.02744280626041065,0.013419627759932343,-0.008916688592086582,-0.003183948962698124,-0.04449008031611669,0.05697268711084348,0.08628618150845986,0.0662189386538723,0.0014133481657381383,0.08733243294125435,0.0718216147147514,0.0012906480661252205,0.04614950965946525,0.04248305315648642,0.046006817996143215,0.04960139373361072,0.041550690136536304,0.08348179644923996,0.061135488261820546,0.05184481790639564,0,0,0,0,0
34,640,2012-11-01,101.17441558442,360.8228394,559.25,7711.22727272727,1948.82954545455,-0.021835114475218364,0.007307695345998358,0.0017897096499717093,-0.0444880315994434,-0.012984945884625072,0.019943326673903788,0.07913101075621588,0.0644839254318413,0.0031186658761015664,0.08560800690783694,0.07047623611661204,0.005923918875603285,0.01681928255736549,0.04138238129500043,0.05980516066194005,0.050115303706963286,0.04363746751719262,0.08277954151947024,0.06084989465633653,0.05042674254943656,0,0,0,0,0
35,641,2012-12-01,101.19366666667,347.9625549,557.8,7966.48684210526,2086.76315789474,0.00019025808906146847,-0.036292215168387716,-0.002596125176850534,0.03256624364431307,0.06838517791394824,0.014606787743460707,0.04602561048365637,0.06444264166153797,0.02710957777251738,0.09303594633141192,0.0699018943498568,0.005382255294510903,0.01660207224514106,0.03930033644983351,0.038560482464223306,0.04036507610766651,0.044522455976255024,0.05824444818041366,0.06011916901412217,0.054042890388871306,0,0,0,0,0
36,642,2013-01-01,105.10021645022,335.4697071,564.2,8047.36,2037.75,0.03787816480020177,-0.03656321259110971,0.011408323374507453,0.010100489438527354,-0.02376787918493951,0.030197050271749078,0.04180133605159315,0.06497230496195534,0.025251013840015362,0.024423113089349982,0.07187854741685544,0.007163307619827033,0.00832444647594308,0.0318502005369993,0.0396273854686552,0.040083801906988376,0.0409225271551373,0.050381138385684664,0.06176902467218524,0.05145979562324765,0,0,0,0,0
37,643,2013-02-01,107.63743567252,318.9350556,563.0,8060.925,2053.595,0.023854165041301414,-0.05054416593461826,-0.0021291704282055983,0.0016842268691624506,0.007745657830665758,0.019048321771000843,0.02546731681424429,0.06342324653765843,0.008151263671354117,0.028934132121655277,0.07446273929126372,0.007954101294546259,0.007425530916554253,0.03169322442738366,0.015964766141788232,0.039296321556200796,0.03799264642440202,0.0468373788475181,0.06015509834064711,0.05055166967030593,0,0,0,0,0
38,644,2013-03-01,102.5225,309.7491381,559.0,7645.58333333333,1909.56666666667,-0.04868621570704559,-0.029224756658494784,-0.007130154984591191,-0.05290017513719372,-0.07271557559557934,0.046461760945527876,0.03282542102150768,0.06269028605843495,0.01083079870670698,0.02606457505115155,0.07527550047020942,0.009591217900267552,0.007285758716387376,0.0314378673435045,0.034203737990192655,0.032943478686192136,0.04041398631114195,0.04054419416639656,0.04843025320536602,0.05411597788479442,0,0,0,0,0
39,645,2013-04-01,98.85196969697,308.2793913,557.0,7234.27954545454,1861.67045454545,-0.036458811146123635,-0.004756251534649264,-0.0035842332278151613,-0.055297363005703495,-0.02540216170574399,0.038835703843234426,0.03418132132543733,0.06272066706382665,0.022911998530527916,0.021841110940423653,0.07206620701317192,0.0025723081525224436,0.006441653106423549,0.03146992582392064,0.032228623501311796,0.03753601992645991,0.042518923308833,0.04043790952065062,0.04653560825925649,0.05183301158939276,0,0,0,0,0
40,646,2013-05-01,99.36663341489,319.669929,543.5,7249.41304347826,1832.02173913043,0.005192901840540492,0.03628250518142331,-0.0245355333660199,0.0020897300102294156,-0.01605404600266714,0.028246928814552767,0.03369330535366812,0.05799192117897995,0.03310107916055585,0.03148875920660332,0.07208971502747387,0.011213665288291727,0.01158524987535524,0.014259782442159821,0.03246258005411473,0.03575013064514048,0.04158875137945151,0.03037673269932499,0.04659458156730409,0.05174640687259522,0,0,0,0,0
41,647,2013-06-01,99.74266666667,313.4235051,524.25,7000.2375,1814.5375,0.0037771585626163776,-0.019733664156950364,-0.03606103677923476,-0.034976429017763676,-0.009589518211301511,0.023649534111531853,0.033793008940141187,0.03997147526006764,0.029000901333708824,0.030504779307682625,0.07218267192408916,0.0164647956527793,0.01708470468527307,0.016089171258195922,0.029097877780719116,0.029672905492940237,0.03799640059556028,0.007950021813867225,0.02702166201887062,0.04905619487842403,0,0,0,0,0
42,648,2013-07-01,105.25790513834,304.6050243,509.0,6906.64130434783,1769.60869565217,0.05382004200342522,-0.02853939235638411,-0.029520653231506558,-0.013460620485161395,-0.02507216806567421,0.028492376970341238,0.03796332218620745,0.03872144463306211,0.03515970818249619,0.02966212432144775,0.026543775297967975,0.0057802143263710375,0.014664641175788097,0.01362016063996923,0.018612914702922267,0.02597527270651004,0.037120246772694016,0.007776343309698376,0.02703144981472608,0.04945077398166156,0,0,0,0,0
43,649,2013-08-01,108.15763636364,305.3398977,478.75,7192.92045454545,1817.61590909091,0.02717618096428458,0.002409639720153108,-0.061269476055666995,0.04061381552670847,0.0267672560651571,0.025038968840247047,0.03839815962702749,0.031101298859551717,0.015946312751388945,0.0248458278879153,0.02604516505801902,0.016764196861292022,0.021033467790619563,0.020127672718983008,0.038946244399827336,0.036745705507159034,0.03964981678253012,0.026610941911548003,0.03207570898522763,0.05009678381562488,0,0,0,0,0
44,650,2013-09-01,108.75773015873,307.50777423,444.0,7159.26904761905,1761.30476190476,0.005532990452898883,0.007074794183380205,-0.075353978062631,-0.0046893846529029205,-0.03147082592412376,0.0241866436076758,0.029850531242828993,0.031036920547683963,0.0193562071677688,0.0227597243855197,0.025728157203497172,0.023477132890607627,0.025989548241337517,0.02659036263191421,0.029021139291158165,0.03291904609403949,0.03140961239231773,0.031937289882925046,0.021174459750836504,0.03563703738434635,0,0,0,0,0
45,651,2013-10-01,105.42713438735,325.6867049625,439.0,7203.02173913043,1814.58260869565,-0.03110270438197639,0.057435522585332514,-0.0113251493570534,0.006092736528989787,0.029800597226235355,0.029459096808820782,0.028224861617491045,0.03136787314436727,0.030511785745930744,0.03277852855714097,0.03199359683694816,0.03364644575476545,0.024034973683609087,0.02650950848521919,0.023665512808239458,0.024957462228684217,0.03170969046876791,0.03453274447839341,0.02632068768291331,0.03616015388738115,0,0,0,0,0
46,652,2013-11-01,102.62649122807,306.75162817895,438.0,7070.65476190476,1747.96428571429,-0.02692394646696025,-0.05989750014732779,-0.0022805026987252177,-0.018547537046549142,-0.03740362809834453,0.020054462961171915,0.03224480223857319,0.03174579276418304,0.058862168660746846,0.03965531810382116,0.03483954511670678,0.03983555643798131,0.02819615028925721,0.026229571174168548,0.012352095684700144,0.025896905078294882,0.029933860693628796,0.03720616736059071,0.029485278852981096,0.037197919016398975,0,0,0,0,0
47,653,2013-12-01,105.48165079365,291.55664720357,451.0,7214.9,1739.81,0.02744091314966498,-0.050804074473459734,0.02924842912623219,0.020195245193657545,-0.004675933649166647,0.03266076936361307,0.03343478567248303,0.03263031514587337,0.06527574713669047,0.0435114659088898,0.035936116253189127,0.02129982177599988,0.038774892849478236,0.029586752744421563,0.01960878633090486,0.0223140836121048,0.028623130268326594,0.03360590490434235,0.029494804646240606,0.028278611885738186,0,0,0,0,0
48,654,2014-01-01,102.09666666667,275.577525,450.0,7291.47,1727.41,-0.032616934755957096,-0.05636533047301721,-0.002219756738312888,0.010556839667338334,-0.007152734967472259,0.03315341403196366,0.028716993069677003,0.03221334031721531,0.004584288046995887,0.04696582750218453,0.03745209264241618,0.018185726791910505,0.0397399140713662,0.02861293304960732,0.020169972652046047,0.020405394552956237,0.028650029504514906,0.018222481828520546,0.028177816239572613,0.028225178637201993,0,0,0,0,0
49,655,2014-02-01,104.82666666667,292.1121765,459.0,7149.21,1695.17,0.02638811553880573,0.058268908123975824,0.01980262729617973,-0.019703310692250307,-0.01884014610595597,0.03437452893774628,0.028541207001676602,0.032408912380015316,0.06463854856005753,0.05614814838992434,0.041395753569305124,0.016147524538768807,0.03679245660099121,0.03042115495421538,0.020818542706985948,0.01615206366099119,0.028643139397506016,0.00756477625149818,0.024061685646863114,0.0274147027616843,0,0,0,0,0
50,656,2014-03-01,104.04,323.7117327,422.0,6650.04,1705.37,-0.0075327518650761096,0.10271551128184779,-0.08404489602453331,-0.07237899140374474,0.00599906520167217,0.029612602714110214,0.028051522668998723,0.02904614401715161,0.08208047210352183,0.07231994711429891,0.05136961680765085,0.054718441311892435,0.040047755379117055,0.03577910370011131,0.0419697432953301,0.03352609352678332,0.03168557565756704,0.012426797959745897,0.0227045551633914,0.021353491113209545,0,0,0,0,0
51,657,2014-04-01,104.86666666667,324.8140428,395.0,6673.56,1810.67,0.007914261375648766,0.0033994367014637886,-0.06611954913488999,0.0035305809888318443,0.05991484653902267,0.016982926480892693,0.025894949855384784,0.026528046450930327,0.04974910735633972,0.06826699535807634,0.051301845191569474,0.05551012905108998,0.04654898827154801,0.03715374239695999,0.03889473880850591,0.033260270480057766,0.028727254789407984,0.04026215502203992,0.033021234227601164,0.028543057633502594,0,0,0,0,0
52,658,2014-05-01,105.71333333333,334.7348337,388.0,6891.13,1751.05,0.00804132613718061,0.030085834622314997,-0.01788042527784841,0.03208162670750238,-0.03348133452176309,0.008955243055822184,0.022587032077458467,0.026543428150111,0.051398632335427574,0.062209865251091845,0.050981430486564776,0.034220043641112814,0.0459538956318852,0.03727006678858731,0.05398988505364875,0.037623645259151316,0.0307940207078809,0.04688365044852756,0.032169040962980476,0.02972456190005879,0,0,0,0,0
53,659,2014-06-01,108.37333333333,306.4422078,397.0,6821.14,1838.95,0.024851028188641624,-0.08830949490121158,0.022930941063916892,-0.01020846407192138,0.048979148555669566,0.009741973607284763,0.02209029536552636,0.02713421772694453,0.06210226246909035,0.07130893089425273,0.05731392584111672,0.044576844695096624,0.04464807543253067,0.03991887708406658,0.021573036213998347,0.035663294871308315,0.029341189049151433,0.05105906285287945,0.03752325244918136,0.03327768509332759,0,0,0,0,0
54,660,2014-07-01,105.22666666667,280.3542021,422.0,7113.38,1948.3,-0.02946530267569468,-0.08897537107428978,0.06106903334882137,0.04195090432215814,0.057762440906644716,0.027807604135469045,0.021043658908900066,0.024577239709291952,0.0685486058039496,0.07813887556635316,0.06230758956542855,0.03948227180912531,0.05606175706343702,0.04661308729554746,0.02770816404971745,0.041062918199699164,0.03166893200824002,0.050336044157104735,0.04104584178818467,0.03584440312791817,0,0,0,0,0
55,661,2014-08-01,100.05,263.4521139,445.0,7001.84,2030.49,-0.05044669257648483,-0.062182190684836755,0.05306896813022847,-0.01580454597655297,0.04131994576703764,0.03885921013341186,0.027756685856002595,0.026874831993331766,0.015280455556443803,0.07651362976497225,0.06419050015729927,0.0201114221363688,0.06110106576187319,0.048096012094556904,0.031852807001266296,0.04079701423089866,0.029610374823213468,0.008227649100199772,0.03676923832033341,0.0367706800420627,0,0,0,0,0
56,662,2014-09-01,95.85,243.6105321,432.0,6872.22,1990.43,-0.0428855915380889,-0.0783008504137577,-0.029648693922129907,-0.0186857735180341,-0.01992644744033861,0.010626171498019017,0.03123043062922358,0.028491187977411132,0.013488458635507116,0.05130323383832329,0.06653679193696614,0.050226020315032927,0.05010130038336144,0.043723415072292174,0.03420721222892408,0.025786500387599734,0.029988714545267373,0.04094109528725101,0.041397434029956555,0.035745773592165006,0,0,0,0,0
57,663,2014-10-01,86.08,245.4477156,428.0,6737.48,1946.19,-0.10750737307817912,0.007513183350783192,-0.009302392662313561,-0.01980123036865206,-0.02247708062191859,0.03532955834624494,0.046897823272105954,0.03979995916272428,0.045609400976047966,0.05213828253219256,0.06274801585065527,0.043101373213771325,0.038167661422342535,0.04368927341870556,0.0020623288721497114,0.02781800711864873,0.030173808124460397,0.036119447639308994,0.04146765333959956,0.03631968886670075,0,0,0,0,0
58,664,2014-11-01,76.99333333333,258.6754368,418.0,6712.85,2055.55,-0.1115582583946858,0.05249018262139655,-0.023641763057040424,-0.0036623677679354836,0.05466983686721993,0.0385320634763217,0.05123172049333593,0.04832466100866117,0.06644957132634918,0.05907747283385476,0.06517358189765202,0.010453649575549784,0.039170485630490616,0.0441296035934644,0.009013044716432581,0.02346924649413196,0.029896398932566043,0.04382304994748204,0.03754916355776665,0.03607964472460934,0,0,0,0,0
59,665,2014-12-01,60.70333333333,269.6985378,418.0,6446.45,1909.46,-0.2377202265792247,0.041730672456473064,0.0,-0.04049400831073302,-0.07372297246979943,0.07403674662504732,0.07717521834517899,0.07561053782498392,0.023485932254138545,0.06284657765753693,0.06591962720796359,0.011909974902060645,0.03905748998732755,0.042923873686552705,0.018462681685311923,0.02782840625861206,0.030498085957147,0.0646303615426641,0.05316773179183567,0.04390112218787048,1,0,0,0,0
60,666,2015-01-01,47.10666666667,248.3872092,420.0,5830.54,1814.72,-0.25358407761665813,-0.08231595257155143,0.0047732787526575905,-0.10041997126212443,-0.05088929372837925,0.07782441488334138,0.09115558556720554,0.09615793318797373,0.07491776194100194,0.06145550105520853,0.06809422787089887,0.015215845641647774,0.029529140584649696,0.04303211479059522,0.04883599187529633,0.035034189153555856,0.039421794838532365,0.06849430685151547,0.050561696846905556,0.04696012500084118,1,0,0,1,0
61,667,2015-02-01,54.79,236.9966715,420.0,5729.27,1817.82,0.15109316172741874,-0.04694275924719167,0.0,-0.017521497470141846,0.001706795108966996,0.22919830596355267,0.14768475609228862,0.11225918407919946,0.06390331952372846,0.05966099424859161,0.06541434002222905,0.002755853772764161,0.014072049706657189,0.04233724186027005,0.04279994985786125,0.03487086008935788,0.039421440876467984,0.03868112218907977,0.04444910090047993,0.04641875854387472,0,0,0,0,0
62,668,2015-03-01,52.82666666667,230.7502476,410.0,5939.67,1773.86,-0.036491581828075444,-0.02671015032757377,-0.02409755157906053,0.03606545331606745,-0.024480017879383746,0.20251784110115648,0.14820458445689322,0.1114764386061451,0.028144349678201137,0.05245159869079642,0.0533650603739492,0.015475793066371533,0.012598509552625755,0.03544741563298977,0.06876528845026988,0.0451499337422621,0.0383505130736077,0.026298122830160347,0.044518379534459585,0.04723484173772892,0,0,0,0,0
63,669,2015-04-01,57.54333333333,223.4015136,399.0,6042.09,1819.19,0.08552217343804085,-0.03236528450203166,-0.027195742808490055,0.017096402307699685,0.025233384004193126,0.09519711742324108,0.1659534665881867,0.11763310912852294,0.010439043507997401,0.052461285062121964,0.052429743865582315,0.014887910128160752,0.014707628664319258,0.03052631817105088,0.02717163096488174,0.048289778255889974,0.03896185384099603,0.024868560762436088,0.047944801506892294,0.04443251911360124,0,0,0,0,0
64,670,2015-05-01,62.50666666667,215.3179062,381.0,6294.78,1804.04,0.08273493056030157,-0.036855092389154305,-0.04616204176316249,0.04097073993044759,-0.008362752733684746,0.06965400975930382,0.17429520038800447,0.12284497078583242,0.0050836136561060825,0.040572704408117256,0.04874942938398729,0.011945438543759948,0.020210680748304722,0.03308732258162014,0.012608665868178326,0.054061816854782486,0.0398729126389584,0.025363651703191888,0.036040586193357524,0.04326812891847197,0,0,0,0,0
65,671,2015-06-01,61.30666666667,209.8063557,376.0,5833.01,1687.73,-0.01938462593372065,-0.025930579921002332,-0.013210231736806462,-0.07618755636016815,-0.06664416357027005,0.059779607860627575,0.1435160173227299,0.12125138588064846,0.005491034671402554,0.021264907066250224,0.046002285157970654,0.016538524722534302,0.01886619259403168,0.03229501704765088,0.06191115587597159,0.0596670344793936,0.04454880796256007,0.046488183088305296,0.03406053079492725,0.04481921108430612,0,0,0,0,0
66,672,2015-07-01,54.34,197.3135079,392.0,5456.75,1639.5,-0.12062798778866898,-0.061391115147145604,0.04167269640056808,-0.06667978771666021,-0.02899311347078195,0.10168177376635887,0.09984581294769776,0.12286557367957895,0.01816044669041348,0.01365654904413379,0.0434938309055641,0.04437134738626643,0.030229198844560407,0.029034142059651696,0.0650706028825599,0.05118143760655543,0.04338009318138912,0.029552033790248008,0.031216976394257176,0.04015030318558828,0,0,0,0,0
67,673,2015-08-01,45.69,179.6765463,373.0,5127.3,1548.13,-0.1733811484230217,-0.09363560503399256,-0.049683420146646964,-0.06227416959661766,-0.0573435663329314,0.07826029561172086,0.10486229823755285,0.1274832810528401,0.033865240567427055,0.02664702851782474,0.04650123927137904,0.045986174198158536,0.033116331030898095,0.02483069616262002,0.007110900866864584,0.05540141780597761,0.04481793861262543,0.019612287220236467,0.033400768501522134,0.037736641586433695,0,0,0,0,0
68,674,2015-09-01,46.28,172.695249,357.0,5217.25,1589.6,0.012830446750295798,-0.03962979477076783,-0.04384263786417649,0.01739123831237054,0.026434661285835593,0.09597639282960545,0.10620182682815578,0.12937503540644096,0.02717195163759204,0.02524741116193555,0.04427963748479632,0.05114184060478363,0.03457997261235233,0.025921230858176127,0.0473179389976273,0.05215208759505325,0.046528114971823804,0.042612161438766935,0.039927415754547446,0.04032026315984239,0,0,0,0,0
69,675,2015-10-01,46.95666666667,172.709946468,373.0,5216.09,1516.49,0.014515288278700892,8.510276163601421e-05,0.043842637864176526,-0.00022236407608291074,-0.04708395826193586,0.1079989720577406,0.09520389831961446,0.1301523214428179,0.04704159807714593,0.031934113665810386,0.04377689465030556,0.05239266145220539,0.043813489372980595,0.031159887426391475,0.04184742679218212,0.05001664343567879,0.04698992895025055,0.04569653232817987,0.034743978817966446,0.04114493659458273,0,0,0,0,0
70,676,2015-11-01,43.11333333333,177.1044894,368.0,4799.9,1467.89,-0.08539288325391721,0.025126316584860208,-0.013495481474884621,-0.08315299471322495,-0.032572458488852776,0.05720184144338288,0.07702003800865383,0.129252561447412,0.03265396717514412,0.04254129230306397,0.03964772635861511,0.04452961076597209,0.040509692822367244,0.030936203034996574,0.05369182321619968,0.042647900135201644,0.04979252839422579,0.03893886496800372,0.03304663361600157,0.033618725048120565,0,0,0,0,0
71,677,2015-12-01,36.57333333333,189.2299005,363.0,4638.83,1497.2,-0.1645129299490581,0.06622278661313583,-0.013680103904080154,-0.03413290509420553,0.019770701543455577,0.08971503724742251,0.08351040387846859,0.12096234609361624,0.03339205360502802,0.05890331937131213,0.044140058747602164,0.03315760303791406,0.040527365710835456,0.030760976271652567,0.04169409126057819,0.03990153074268971,0.049680606382627765,0.03516611902936938,0.034942537127238694,0.032900141583248936,0,0,0,0,0
72,678,2016-01-01,29.78,193.2717042,369.0,4471.79,1481.1,-0.20548235014533864,0.021134312073973576,0.016393809775676352,-0.03667340337419132,-0.01081164209734713,0.06104636931399833,0.09667546568591871,0.11391308585567568,0.024959388631229977,0.05608958783778894,0.04298009101658123,0.01731013239367663,0.03561316134921752,0.031502624313197634,0.02759763192984398,0.0374180134988057,0.044280176826097695,0.02629518103746009,0.03479101487704676,0.031514170007989825,1,0,0,0,0
73,679,2016-02-01,31.03,187.0252803,384.0,4598.62,1531.26,0.04111745120442596,-0.032853196187187114,0.03984590854719978,0.027967482590949156,0.0333058709510309,0.1321450018415944,0.10362777679500175,0.10098889127284329,0.04960455616232499,0.03961186824101221,0.042392641716045946,0.026831185927763585,0.034436298220898665,0.03468256854333623,0.03660909818727987,0.041316727874023663,0.04659530184245994,0.022601015873295428,0.033387722623215085,0.03440084977080829,0,0,0,0,0
74,680,2016-03-01,37.34,191.067084,384.0,4953.8,1531.01,0.18511065965328788,0.021380795024950255,0.0,0.07439870034913633,-0.00016327756896378763,0.19752991562827926,0.14496069151518257,0.12136613287685064,0.031241099012071356,0.032546958063039304,0.04391881202686163,0.020026875125283356,0.02554213791596312,0.03432797531253356,0.05578427846982234,0.05530702727088759,0.051697387330264764,0.02302146291093233,0.03052829530934209,0.03446253219101504,0,0,0,0,0
75,681,2016-04-01,40.75,187.392717,395.0,4872.74,1571.23,0.08739070157329502,-0.019418085857101513,0.02824321231339494,-0.016498551619910387,0.025931103789279982,0.07351241163487648,0.15285510952607145,0.12152738930705184,0.028244104616738708,0.0354045581696246,0.043630970758699,0.02049389351988074,0.02225331628477461,0.034863108672826146,0.045452166425217204,0.05521089963739005,0.05069377072989002,0.017585447732964506,0.025063499418781575,0.034532074945068145,0,0,0,0,0
76,682,2016-05-01,45.93666666667,171.9603756,433.0,4694.54,1550.63,0.1198077965321446,-0.08594242980072477,0.09185196310136803,-0.037256275925884604,-0.013197452157159471,0.04977369148547179,0.15910031764279,0.12503980288093142,0.05417304312007924,0.052890352299640106,0.04798609471209969,0.04704702495759082,0.03706381180557123,0.04081008144278362,0.05938578289577207,0.04561900933987645,0.0473512605770196,0.01992423288409813,0.019811729160751225,0.03451129188288736,0,0,1,0,0
77,683,2016-06-01,47.68666666667,173.0626857,441.0,4641.97,1593.51,0.037388197793181685,0.006389798098770988,0.018307147444356107,-0.011261286189607875,0.027277830384781033,0.04152129711795124,0.1340410126857598,0.12636614253866577,0.04763887684145824,0.04112852790089664,0.04845045860579149,0.03990329658877838,0.03197440604369248,0.040142819974177554,0.013748039611397785,0.04347242290568162,0.04452638004463342,0.022989512318397787,0.020828399155430364,0.03167777928745774,0,0,0,0,0
78,684,2016-07-01,44.12666666667,151.7513571,442.0,4864.9,1629.05,-0.07758754798945548,-0.13141050105538496,0.0022650066308520615,0.04690731534234744,0.022057892476210858,0.0991441159906179,0.08898771754933736,0.12386539177772721,0.07021574877888653,0.05806947781444082,0.05773480843165946,0.047770306260888115,0.03385735463219042,0.03921074267118384,0.043094539079289604,0.0427117641601369,0.045538486720903784,0.02201679500531716,0.018306538539136406,0.03155923481967623,0,1,0,0,0
79,685,2016-08-01,44.87666666667,149.1793002,415.0,4751.67,1639.28,0.01685370030036556,-0.017094433359300183,-0.06303136184699984,-0.02355002523760569,0.006260098220470681,0.06131916106745075,0.09085124061961479,0.11384889122767505,0.07372086419692307,0.05882560088448258,0.05313113296771966,0.04308309628306618,0.050086204489697805,0.04119690467618109,0.037636055747055135,0.04449374221565722,0.04275068126256095,0.010943514978033848,0.016382934214455993,0.026002459914798604,0,0,0,0,0
80,686,2016-09-01,45.04333333333,150.649047,384.0,4722.2,1592.36,0.0037070030587029296,0.009804000096620835,-0.07763596764297141,-0.0062213425037962585,-0.029039928534664895,0.051154649604614466,0.06905565951143566,0.11377495478584154,0.07498135811818869,0.05665053396255618,0.05300649258308653,0.042546202213510104,0.06257002496098224,0.046003946405635786,0.03671324550127447,0.028977815101977715,0.04209750125266823,0.026161834493269885,0.023248457025048953,0.02672150164193619,0,0,0,0,0
81,687,2016-10-01,49.29333333333,151.7513571,369.0,4731.26,1665.9,0.0901638560184429,0.007290433262679274,-0.039845908547199674,0.0019167591070030066,0.04514832542175916,0.046586840065042164,0.06951423962625754,0.11684316140380491,0.014857464233975047,0.05953077378502455,0.05318868605710115,0.019056706263303035,0.06259771472026843,0.04610144546368906,0.013006851066338664,0.028870155412885342,0.04213936021661015,0.03710858644769245,0.027405014216012755,0.025118502191636027,0,0,0,0,0
82,688,2016-11-01,45.26,150.649047,365.0,5450.93,1737.11,-0.08536520519486254,-0.007290433262679344,-0.010899290458035631,0.14159468451153412,0.04185729489660836,0.08776777791165073,0.06796400365760982,0.11684123559704204,0.009229836931880437,0.05456460772976489,0.0520093413543465,0.033465851617602134,0.03790161823066313,0.04604300963494922,0.08309204673707574,0.062054463457903025,0.05403079133291687,0.04191488239532633,0.027401356975283293,0.023362931358464706,0,0,0,1,0
83,689,2016-12-01,52.62,141.8305662,373.0,5660.35,1727.74,0.15067263540675538,-0.06031979023352268,0.021681066061323948,0.03769949143980223,-0.005408616731928686,0.12260072451482679,0.09254337461465956,0.11077303322860703,0.035580558105464226,0.0544064230007616,0.046963362992626476,0.030781365938411537,0.03875001140466995,0.04626653063560361,0.07255404643198395,0.05951583153409411,0.05258417926685313,0.02828692773445443,0.028630700593202028,0.02392472604186584,0,0,0,0,0
84,690,2017-01-01,53.59,153.2211039,377.0,5754.56,1791.24,0.018266207894612373,0.07724885233397065,0.010666767804195228,0.016506856235629683,0.03609392135279786,0.11831088567930163,0.08057103792626377,0.0827648701759647,0.06938315709137181,0.04491106171944354,0.05411774580246574,0.016572513719989808,0.04018384266491491,0.04613689058321935,0.06694562932346874,0.05939489068748308,0.0498578832933125,0.02578676515888316,0.030011938790754516,0.023701240205468446,0,0,0,0,0
85,691,2017-02-01,54.35333333333,155.0582874,367.0,5940.91,1860.75,0.014143459059834683,0.011919092237210502,-0.02688333939344053,0.031869736299341915,0.03807151480687148,0.07766238375006239,0.0806830321826552,0.08336139205977273,0.06881323166463388,0.04404849173119414,0.05464307301944283,0.025461823690333226,0.03611734268661615,0.04514343979942316,0.010947845417758449,0.053824591082076725,0.04992002479220215,0.024552302614266597,0.030785561331219673,0.024057683417740602,0,0,0,0,0
86,692,2017-03-01,50.90333333333,154.323414,370.0,5824.63,1901.47,-0.06557753326967863,-0.004750602758597753,0.008141157583699866,-0.019766842173014366,0.021647638985692358,0.047262047156222016,0.08995561774352917,0.07666832532545542,0.04333929495087127,0.04422672066226893,0.05354410989626161,0.02098850735538193,0.02387233090362813,0.04526630949431431,0.02651457308860239,0.05624128627246576,0.04819291189175057,0.008966136729283588,0.01894606322572747,0.023523670543876378,0,0,0,0,0
87,693,2017-04-01,52.16333333333,166.0813884,380.0,5683.9,1921.22,0.02445141220999199,0.07342746855481715,0.026668247082161273,-0.024457861285125625,0.010333129671088017,0.04927288223138866,0.08353164801768556,0.07418613335088832,0.04117638870915997,0.052646352285068795,0.059648792342893955,0.027196019463148084,0.020292952506213734,0.0451693653856438,0.03125470670229703,0.06023061452516669,0.04869539117163935,0.013947400163715285,0.01854728049992082,0.02348000382925907,0,0,0,0,0
88,694,2017-05-01,49.89333333333,180.4114197,421.0,5599.56,1913.02,-0.044492428209249396,0.08276194796228946,0.10246158096194996,-0.01494959361026115,-0.004277255728135207,0.047086880358448005,0.07553886184968067,0.06920137821726179,0.04805793356940802,0.057609715543573956,0.06001818659502532,0.049973701037228015,0.042864536329673304,0.04725526144295335,0.004754273484672637,0.027572434556446694,0.04700597504986165,0.012997317982742585,0.01910176609233924,0.022568944922841696,0,0,1,0,0
89,695,2017-06-01,46.16666666667,189.5973372,458.0,5719.76,1885.29,-0.07762935633830206,0.04966263768704218,0.08423635043180361,0.02123882324384944,-0.014601489965813879,0.052076534134858216,0.04601035078831434,0.07248010496868536,0.017065872536925826,0.03686952277109311,0.06145767553662051,0.03956192405955755,0.04936406864523309,0.053317973026496275,0.024111531285273612,0.02422180790644347,0.04630583337592064,0.012528556917067887,0.021400165558248623,0.02410549868675921,0,0,0,0,0
90,696,2017-07-01,47.65666666667,202.4576217,417.0,5985.12,1902.96,0.031764492413677396,0.06562804367135186,-0.09378296231538355,0.045349542464763484,0.009328913429401708,0.05609543667342355,0.04861773442283111,0.06899939134114429,0.01655309238577474,0.03532235736083674,0.04507961823924024,0.1084242865666998,0.0723805928122979,0.06022511265116276,0.030350491778418007,0.029928418585559242,0.046217688644214425,0.01200265150147877,0.018618646747386253,0.02399908194952629,0,0,1,0,0
91,697,2017-08-01,49.94333333333,171.2255022,393.0,6485.63,2030.01,0.04686650001384346,-0.16754917502726865,-0.05927660992954019,0.08031257137858322,0.06463015049982104,0.067939069549095,0.05461921340472645,0.06994964309921482,0.13026094393620383,0.09536287449920182,0.07101667037703922,0.09440827458229274,0.07733010185783012,0.05990426536181882,0.029702547283760733,0.042160461457949626,0.04758354320791639,0.04063771622325763,0.027596032707034198,0.02808678879530076,0,1,0,0,0
92,698,2017-09-01,52.95,178.5742362,402.0,6577.17,2096.49,0.058459042660539175,0.04202298977484787,0.022642476749759752,0.014015601323241937,0.03222379861284776,0.01338566827775936,0.05471323641421627,0.07135075552009121,0.12835452605273068,0.09518695760167531,0.0715543105771699,0.05980009473077516,0.0774341237103127,0.05562163717392981,0.03316503554651015,0.03876892892015994,0.046690929858837604,0.027786610179797736,0.028467144288531976,0.024077463639491987,0,0,0,0,0
93,699,2017-10-01,54.92,175.6347426,394.0,6807.6,2131.49,0.036529508852354835,-0.016597891409037713,-0.020101179321087265,0.03443507350231098,0.016556747917552416,0.010970755704239124,0.055715718459576416,0.06769654835979295,0.10812276201661732,0.0929685663179531,0.07209339838182266,0.040972493334006536,0.07823257213948286,0.054493165027035995,0.03395336972471191,0.032060353766166096,0.046002705684748686,0.024517613246902603,0.028320437727983296,0.023071570560014236,0,0,0,0,0
94,700,2017-11-01,59.93333333333,179.6765463,402.0,6826.55,2097.44,0.08735525246958428,0.022751756983416027,0.020101179321087303,0.0027797863750294574,-0.016103712212975352,0.025492324363152644,0.05658971965761451,0.06407184801046129,0.029878038067803193,0.08648980429691715,0.07187708981792108,0.02397814271135934,0.06382801309338981,0.05438167332386014,0.016048133768618456,0.0275863776210684,0.03022571934015424,0.024656677378372235,0.03045454016412801,0.024240114803586343,0,0,0,0,0
95,701,2017-12-01,61.18666666667,184.0857867,406.0,6833.89,2080.47,0.020696467489222894,0.024243611609992635,0.009901070982711537,0.0010746360595088487,-0.008123723741137307,0.034826558419567194,0.02363676615114782,0.05005323191519089,0.02316120617070024,0.08412078790292507,0.06788989590681457,0.0208981931986175,0.04755439606353611,0.054219250134399856,0.018787777618637324,0.030394282930819787,0.029986802200578783,0.017026995983064893,0.0292727418993945,0.024466748288266824,0,0,0,0,0
96,702,2018-01-01,66.22666666667,192.1693941,442.0,7065.85,2209.73,0.07915390071251283,0.04297536298005815,0.08495672247596539,0.033379262720929,0.06027650639413538,0.03634998231259724,0.02540132441423464,0.05364079478018408,0.011270155124074813,0.08076273413752985,0.06603759304716941,0.040709610882250835,0.048135620606885546,0.05872222307874886,0.018178853988336147,0.029539400310810263,0.030420462734365813,0.04198453979946856,0.03383814443625002,0.02716585502418039,0,0,0,0,0
97,703,2018-02-01,63.46,192.1693941,425.0,7006.52,2181.79,-0.04267341541604084,0.0,-0.03922071315328127,-0.008432176177533649,-0.012724695320872545,0.060930162910183355,0.047614724922335136,0.056413681664603504,0.021546511846676893,0.023555603921829035,0.0662410429217712,0.06253843620424639,0.04278657571127514,0.059590446091117556,0.021917134869792104,0.01778606316001362,0.030863903038025095,0.040883851485786486,0.030220783156135137,0.027622165592014376,0,0,0,0,0
98,704,2018-03-01,64.16666666667,192.1693941,430.0,6799.18,2069.24,0.011074078904731681,0.0,0.011696039763191236,-0.030039127440897387,-0.05296425069663832,0.0610540064727224,0.047853925014222864,0.05077687369782226,0.024811837385058634,0.021589370964698113,0.06610755024075701,0.06242285756376238,0.042528173165621797,0.05957712088526466,0.03224114601037738,0.024894191253535758,0.031999524166806965,0.05740479993747069,0.037871649670395816,0.033364085483569055,0,0,0,0,0
99,705,2018-04-01,68.79333333333,213.8481594,451.0,6851.51,2254.69,0.06962297595962903,0.10688898366651482,0.04768213081507015,0.007667049262041,0.08583110111779813,0.056165300687797404,0.05032084064856265,0.05282678466972431,0.06171238349326791,0.03979591408221629,0.0692751288308268,0.04366466681146762,0.04153465776306672,0.06033468985075368,0.01892001217496432,0.020728733945403637,0.029863231532460156,0.07141033598599154,0.052471796224031884,0.040413824332613625,0,0,0,0,0
100,706,2018-05-01,73.43,213.8481594,451.0,6825.27,2299.67,0.06522573044410909,0.0,0.0,-0.003837165209371661,0.019753143159596698,0.03260805237695899,0.04661368210269018,0.049459513293951644,0.06171238349326791,0.04197052736158092,0.06664425099598476,0.024850827264572627,0.04256658751481976,0.05359358331642999,0.019324619603585672,0.020795588068189163,0.028990368889690366,0.06942413795223029,0.05101255704991941,0.040055416138686975,0,0,0,0,0
101,707,2018-06-01,71.97666666667,219.3597099,427.0,6965.86,2237.62,-0.019990579044842364,0.02544666566116439,-0.054683326274053805,0.02038917339676232,-0.02735283336656054,0.05051690214106571,0.051602441451716816,0.03964932722766771,0.05583553048107186,0.041946023108447444,0.06583348897004311,0.051222616385937364,0.0524074033932667,0.04997728469387007,0.01211827047177473,0.022431576099907723,0.028978765720918617,0.05685635786460517,0.05333284527632675,0.04107801971657238,0,0,0,0,0
102,708,2018-07-01,72.66666666667,218.2573998,398.0,6250.75,2082.24,0.009540781702348197,-0.005037794029957181,-0.07033200794418681,-0.1083196175759667,-0.07196856368920147,0.04327188114482298,0.044946115787905555,0.040427839154807375,0.016341228251567846,0.04335291531293646,0.06374240316054017,0.03692726804559873,0.04483966044708694,0.04656809733060383,0.06839767443470875,0.04624248962520187,0.044715310793519265,0.045866487264600145,0.05668045357903403,0.04807624431760523,0,0,0,1,0
103,709,2018-08-01,71.08333333333,236.6292348,405.0,6051.05,2051.51,-0.02202987641739313,0.08081940674170864,0.017435061822101347,-0.0324696458458321,-0.014868129954172202,0.017668080708196615,0.04013842351595895,0.04339659225298522,0.043525666109738806,0.047772679160450526,0.03680651549988052,0.04681346258460513,0.0453077949213901,0.04343288540218218,0.06469573125645552,0.046036093947296255,0.038558685910782556,0.030019134853862765,0.05670853222491082,0.04485819928101286,0,0,0,0,0
104,710,2018-09-01,75.36333333333,212.3784126,405.0,6050.76,2026.46,0.05846796371643902,-0.10812485743197617,0.0,-4.792671510390419e-05,-0.012285678944224079,0.04055958140021844,0.042859770094021137,0.04339713513259634,0.09460297434483168,0.0757027275538426,0.05312427076688062,0.04646437929131336,0.04453416650808854,0.042967927071765305,0.055568493958243766,0.04692550296922952,0.03811347943680209,0.033737158834707036,0.052884925486570776,0.04385976220940688,0,0,0,0,0
105,711,2018-10-01,76.72666666667,213.4807227,409.0,6219.59,2029.86,0.017928461452207757,0.0051768881795337274,0.009828088936262693,0.027520104191842844,0.0016763967321380578,0.04024926971458593,0.037376320721358644,0.04345205659454337,0.09509557572707186,0.06151744589057018,0.05233346140645481,0.008741078779394581,0.0367283233074235,0.04252215491509361,0.030027582622928723,0.04982898367000871,0.03747783062572474,0.008900655160204787,0.031156216583717342,0.043470408696953414,0,0,0,0,0
106,712,2018-11-01,62.31666666667,203.5599318,401.0,6195.92,1938.51,-0.20802041011721223,-0.047586070104627495,-0.01975372873623254,-0.003812977264368168,-0.04604718841487784,0.14359224514566113,0.09327384802177456,0.07722503027167983,0.056695326227972694,0.06446973143666895,0.055390211930455104,0.015065883467471184,0.035850709315753876,0.04263102398079404,0.017107181373458277,0.04983017782827615,0.03736113068909174,0.02453677396009911,0.026676127518617806,0.04505443693098488,1,0,0,0,0
107,713,2018-12-01,53.96,211.2761025,404.0,6075.32,1920.38,-0.14398588141551136,0.037205354050066725,0.007453450654580972,-0.019656348178967067,-0.009396553619908848,0.11645425987330006,0.10439080194937764,0.08775723396274096,0.042816153499774245,0.0658614447183273,0.0558095034815097,0.01643651146168957,0.03250221814976438,0.04258409190050935,0.024008304305574338,0.04653443093908604,0.03737876657428184,0.024978056501849668,0.027810231219338788,0.04505993425552538,0,0,0,0,0
108,714,2019-01-01,56.58333333333,209.8063557,410.0,5939.1,1853.72,0.04747144643108183,-0.006980831141340205,0.014742281737203431,-0.022677055992999465,-0.035328652196387915,0.13293633690273265,0.1095924405984346,0.08525657980217374,0.04240831287066315,0.06585902284825351,0.05510536702328321,0.018181182614351313,0.013539610601622449,0.03368101047830968,0.010132378331494739,0.021404892550199724,0.0349126830176388,0.018844228940277267,0.017772032525357796,0.04035261915817214,0,0,0,0,0
109,715,2019-02-01,61.13333333333,218.9922732,408.0,6300.49,1862.99,0.07734279338356323,0.04285145740933958,-0.004889985294191792,0.05906980140727184,0.004988292991468869,0.12009342754929599,0.12015815966224183,0.08845332159074111,0.02728722053486818,0.0570113643485495,0.05596973860070161,0.009923989271495048,0.012446077461003088,0.032045357232201414,0.04634918194026884,0.031272326986212566,0.04089969873098997,0.020432219727241845,0.020429242104097765,0.04075103587951765,0,0,0,0,0
110,716,2019-03-01,63.78666666667,205.764552,406.0,6439.46,1871.21,0.04248691094000933,-0.06230388333615475,-0.00491401480242904,0.02181727751816907,0.0044025565192066735,0.01885062113802551,0.11809377194168529,0.08937140127665658,0.05260155696943056,0.0430706590837891,0.059828378318899665,0.011341637740814958,0.012702250385081635,0.03169069823102751,0.04092685537543677,0.03159646484929756,0.041195950664685,0.023109767424539098,0.02211338910146099,0.038984082589726056,0,0,0,0,0
111,717,2019-04-01,68.57666666667,199.5181281,413.0,6438.36,1845.42,0.07240815872386863,-0.030827463795259483,0.01709443335930004,-0.00017083636868284524,-0.013878386575383128,0.018861619889282782,0.12424667507950315,0.0895734408906212,0.05397066194438277,0.04382510144109995,0.051245681009001225,0.012699652432493375,0.01405411700962327,0.02811532256287494,0.0299462876177531,0.030598185218117035,0.0410468560143792,0.010727593435628556,0.020886447982302023,0.0253031578267411,0,0,0,0,0
112,718,2019-05-01,66.83333333333,199.5181281,409.0,6017.9,1781.26,-0.025750382739613716,0.0,-0.009732436918231,-0.06753548804664192,-0.03538591480818922,0.05031021861063703,0.0846906174007134,0.08734911611669692,0.031152504955267408,0.04008562806957809,0.051245681009001225,0.014301922662478357,0.011338900377732502,0.02802472531722832,0.04655711575057377,0.04309357514963679,0.04480380975930922,0.01991602830922701,0.018070002160660344,0.02298336834384429,0,0,0,0,0
113,719,2019-06-01,59.76,206.1319887,420.0,5882.23,1755.95,-0.11186541725390253,0.032611585588760796,0.02653955523461231,-0.02280241954010739,-0.014310958050714445,0.09220235828082242,0.07310717881909497,0.09239146423893158,0.03172370571410113,0.03919014674972086,0.05168246632417425,0.018817317869730756,0.014867819154781182,0.02545377623143285,0.034281268623326755,0.0433281379155275,0.04382165347220245,0.012294407204739176,0.017924976743534448,0.02297881527664201,0,0,0,0,0
114,720,2019-07-01,61.47666666667,196.2111978,416.0,5941.2,1796.99,0.028321158202097185,-0.04932506656250145,-0.009569451016150672,0.009975191459773502,0.0231030219522273,0.07070102150050486,0.0719200002843781,0.0930111858618168,0.04125144981647171,0.043397725496608204,0.05322926666313674,0.020894753374782353,0.015464438205375205,0.01392037345444553,0.03890870647729123,0.04276854058475326,0.03255427043266733,0.02962238856381539,0.020330186991621747,0.019656781944962013,0,0,0,0,0
115,721,2019-08-01,57.67,181.1462931,430.0,5709.44,1740.68,-0.06392059139933778,-0.0798866649175047,0.03309994842634492,-0.03979018787001377,-0.03183720147575369,0.07125017267094773,0.0700658108743685,0.09412209118509123,0.0581714171318126,0.04173916649789563,0.04862912715738846,0.02297671553272659,0.019198572020769744,0.01591807462296375,0.0252967357430679,0.03353363950091477,0.03319382782541558,0.028063627879548803,0.0221258137885443,0.02045427547829938,0,0,0,0,0
116,722,2019-09-01,60.04,189.5973372,427.0,5759.25,1753.51,0.0402738991379399,0.04559759143887267,-0.007001195458983588,0.008686312593398826,0.007343651981876805,0.057020318372395656,0.06974109450105966,0.09292735987492617,0.06543523628923932,0.04856295809013913,0.04398052986027054,0.023928279386192148,0.019512084404986186,0.016242652061493536,0.028367308901118906,0.030861252867972866,0.03340361591071517,0.028289942764897855,0.02257182654139505,0.021342553988825178,0,0,0,0,0
117,723,2019-10-01,57.27333333333,199.5181281,424.0,5757.3,1725.96,-0.047175878223518604,0.05100255445237279,-0.007050557996666799,-0.00033864308645121437,-0.015836076040127652,0.05595286831824336,0.05745502450951076,0.0924784393467501,0.07405797274854606,0.05396064833439933,0.04723561421920165,0.02316666910166514,0.019848519570455782,0.01645999096396072,0.025780630028543697,0.030841274099338623,0.03194119314977663,0.01969972539592476,0.02263879599523698,0.020912603543485262,0,0,0,0,0
118,724,2019-11-01,60.40333333333,203.1924951,421.0,5859.95,1774.79,0.05320916251415889,0.018248681588399315,-0.0071006215495763155,0.017672456319137428,0.02789868864739966,0.054607601734383254,0.06689557244634724,0.07427104425919374,0.01755938819537874,0.05447250650821791,0.045719325923706214,4.971345722883822e-05,0.019500271226797632,0.01522902241763765,0.009005556672418384,0.022238226592557055,0.03269489654503187,0.021880504891221023,0.02380336530431234,0.021345285018565856,0,0,0,0,0
119,725,2019-12-01,63.35333333333,210.9086658,432.0,6077.06,1771.38,0.04768323205910529,0.0372713947972316,0.02579275456172898,0.03637995526790905,-0.0019232022441388855,0.05642981350744536,0.051521131401143234,0.06041868473709931,0.016448021922052282,0.05500899396791643,0.04572423508440949,0.01897656395912084,0.01933559781296092,0.016470559129674232,0.01836039979514365,0.02536604988827658,0.034317562158759314,0.02234443583192967,0.02289692523720824,0.021389222792161003,0,0,0,0,0
120,726,2020-01-01,61.62666666667,224.5038237,451.0,6031.21,1773.09,-0.027632845816937215,0.06246756285202893,0.043041751258567955,-0.00757337243840666,0.000964883400151291,0.0451635505782951,0.052537381730081864,0.060455407455271046,0.02218114801161158,0.052273477975264514,0.04905419176609569,0.025474692114195403,0.023130010821418,0.019624961815662315,0.022057566362559365,0.025746128865739917,0.033680344870934416,0.01644747234953494,0.02035389774388737,0.019456414174165756,0,0,0,0,0
121,727,2020-02-01,53.34666666667,215.3179062,450.0,5687.75,1688.1,-0.14428318197708262,-0.04177716959458269,-0.002219756738312888,-0.05863291460382783,-0.04912015109986736,0.09672203870785111,0.07683957308594173,0.07012956863271433,0.054391308527371236,0.03761076704877906,0.04930121161099024,0.02284306161081982,0.021575266157293965,0.019480841206838174,0.047550705048864696,0.03226187742315782,0.0324373710588243,0.028119992001086662,0.025859887642417066,0.023173186349641647,0,0,0,0,0
122,728,2020-03-01,32.20333333333,209.0714823,494.0,5182.63,1610.89,-0.504741528459782,-0.02943935545068168,0.09328793442355703,-0.09300208992308054,-0.04681681483266673,0.24872012903680438,0.20928438412985076,0.15657627215612874,0.05695914842033176,0.04299849777491134,0.04644085411698268,0.04777552040510647,0.0394587639906075,0.030815796321856496,0.04298523550659407,0.04883777808764606,0.03895320269792589,0.028275156129365417,0.02979570726361467,0.025260908926477324,1,0,1,0,0
123,729,2020-04-01,21.04333333333,218.9922732,564.0,5057.97,1459.93,-0.42548616314993887,0.04636023293901883,0.1325187343101363,-0.02434743239982392,-0.09839833192718164,0.18942313705033523,0.24306565616554904,0.18293029003691624,0.04772490786313379,0.04228491875112356,0.04692510176334045,0.06930035557968536,0.055261316562023745,0.04555763143904247,0.034327337263766446,0.04812065950889926,0.0385651896500536,0.029138455030483366,0.04560619402332303,0.03542393832310925,1,0,1,0,1
124,730,2020-05-01,30.38,205.764552,510.0,5239.83,1466.37,0.36720069345636064,-0.06230388333615475,-0.10064352577968741,0.035323838026499965,0.004401469703588404,0.48216821129954796,0.32117681491619443,0.22699101481140413,0.05572782811583393,0.05274094224435775,0.05112105397127039,0.1248419710717634,0.08097649718345398,0.05791651972127517,0.06421534901933235,0.05142662721701992,0.03849661248676597,0.05140000776902372,0.04058949568352774,0.0356657706849261,1,0,1,0,0
125,731,2020-06-01,39.45666666667,198.415818,520.0,5754.6,1568.57,0.2614185261301504,-0.03636764417087483,0.019418085857101516,0.09371047992124172,0.06737441720989816,0.4303836218452059,0.3530407293153905,0.24495616633682987,0.056751623059040926,0.051471277590901234,0.05131362721558109,0.11659844681606665,0.0811153443679636,0.0578618965025064,0.059030121022582815,0.066740327012211,0.0487300868263712,0.08367994153262708,0.0572402765476264,0.04308488022253193,1,0,0,0,0
126,732,2020-07-01,42.06666666667,222.13,480.0,6372.46,1643.81,0.06405263814130518,0.11289787657427201,-0.08004270767353637,0.10198604529724833,0.046852341900055945,0.15386244078567743,0.3576586879633893,0.24600540233273563,0.09455910044435117,0.06736877034397304,0.05886458400320299,0.06420232828749299,0.09223288563653224,0.06412907495478173,0.03633486574500564,0.08075360507443999,0.05725015452473419,0.032116517668473246,0.06338044184455155,0.045207032468075205,0,0,0,1,0
127,733,2020-08-01,43.44333333333,223.0,505.0,6498.94,1737.26,0.03220174543535966,0.003908975390587698,0.05077232537342314,0.01965350640295529,0.05529244124074968,0.12416931025812816,0.35695652113888,0.24642250449220007,0.07722368197628414,0.06446194848112839,0.05172560429673853,0.06829850005242699,0.09331516544869187,0.06485832706578128,0.04533498882349948,0.0736158460191083,0.05548765081280858,0.010314754765405427,0.0656472275053053,0.047849452257736784,0,0,0,0,0
128,734,2020-09-01,40.59666666667,247.68,507.0,6704.9,1743.77,-0.06777144544345057,0.10496581894124353,0.003952574315823342,0.031199515699293925,0.0037402766361645844,0.0687831220499359,0.2774909501107965,0.24584946390646858,0.06076455072373255,0.0725899323285549,0.05722293409539338,0.06628206061553012,0.08597119155448674,0.06462178333589313,0.04457706821519599,0.047602057028488444,0.05578971558049131,0.027651133562107556,0.06076217366419366,0.04780934503377013,0,0,0,0,0
129,735,2020-10-01,39.9,272.36,471.0,6713.81,1806.1,-0.01730963753517374,0.09498713021340359,-0.07365290957476545,0.0013279967015392246,0.035120388391666486,0.049987348391899125,0.17028556534788694,0.24583978090636793,0.05568855379560768,0.07756144091302998,0.060543105210959854,0.06284417144930793,0.06248110672187061,0.06931308758245121,0.015063434113336624,0.04104837199861159,0.0557564535067884,0.025978352543840073,0.026504828314911202,0.048576699933732786,0,0,0,0,0
130,736,2020-11-01,42.30333333333,273.0,489.0,7068.91,1935.28,0.05848956125806689,0.0023470745701937266,0.03750439545845427,0.05153969638169713,0.06908219440819521,0.0635528053516006,0.11271540465506497,0.24600716446634177,0.05658674879421134,0.06450755635949819,0.06089960549644784,0.057015030612005975,0.056416316877205525,0.0695806863567479,0.025256172124177027,0.04064185235135031,0.05687105899028496,0.0326794581243808,0.024415664063959595,0.05178434094853396,0,0,0,0,0
131,737,2020-12-01,48.72666666667,268.55,520.0,7772.24,2014.67,0.14136056523031987,-0.01643467883349132,0.06146632210060095,0.09485211565820326,0.04020339141876035,0.07936136243234714,0.07213086571810756,0.2501369770944797,0.05965142314839973,0.05968045963552647,0.061850521087649143,0.07209637896500452,0.06262543642860395,0.07094988724498513,0.04680445362529511,0.040889880364667244,0.061154132233667474,0.01831768930924599,0.022124899996923436,0.05253112341749355,0,0,0,0,0
132,738,2021-01-01,53.60333333333,289.3,545.0,7972.15,2003.98,0.09538480481355698,0.074427095630621,0.04695698308777108,0.025395806908265806,-0.005320207141539006,0.041518334990476594,0.07568655315383417,0.25239024609742716,0.047965518440778135,0.05336089723851313,0.06268538990337584,0.012069564062017047,0.050437478273168336,0.07109715326307456,0.035080021487900626,0.03255555162929877,0.06051534401777834,0.0375102222608491,0.028913076389635077,0.05266843239082473,0,0,0,0,0
133,739,2021-02-01,60.46333333333,289.4,557.0,8470.94,2078.59,0.12042586550395196,0.00034560221529404824,0.021779445264039948,0.06068726440628159,0.03655457609728059,0.02301842348726243,0.08207710531790612,0.25130721257957345,0.04834857384571725,0.0539137569286928,0.059962698391260526,0.020080992349711564,0.048380731091727976,0.07088212281979904,0.03472967717137307,0.03240972162802772,0.05542672469024982,0.025295616716563434,0.026973075932606644,0.04961436917458152,0,0,0,0,0
134,740,2021-03-01,63.83,273.13,525.0,8988.25,2190.48,0.05418617856625273,-0.05786194187893758,-0.05916697733566022,0.059276686365211856,0.05243091866441661,0.03344666812197798,0.05676016219123508,0.19192373098946633,0.06630306089129989,0.05760417250227967,0.06278789554982048,0.05545046846587314,0.05759621472012423,0.06977135837504801,0.019980785334583508,0.03218914609098502,0.038865529343870026,0.029834957841606197,0.02476380451447806,0.046094540463395915,0,0,0,0,0
135,741,2021-04-01,62.95,280.95,495.0,9324.82,2319.39,-0.013882538777609718,0.028228845239761505,-0.058840500022933465,0.03676149359399317,0.057183522176716545,0.06715627777443617,0.055646671971387736,0.12183621383933087,0.04392648604536272,0.04427027678892825,0.062372332650725316,0.046640478658921125,0.053694041386879936,0.059036995173709646,0.013424890718966567,0.02391435850700896,0.03227076165764736,0.010802769010786724,0.025862293137625617,0.02517771666185229,0,0,0,0,0
136,742,2021-05-01,66.4,297.25,493.0,10161.97,2433.53,0.05335629599203196,0.056396818012683946,-0.0040485885260002205,0.08597265859790042,0.04803865806681781,0.03906212975740428,0.05600790977390315,0.08549494557265996,0.0595260762590992,0.04884267138613428,0.05719917755009538,0.03172879065322337,0.05181829128166034,0.05182982771120564,0.024635163215802346,0.026930563766530743,0.03333221575923868,0.004573615143605162,0.022629272167610914,0.022835427298823555,0,0,0,0,0
137,743,2021-06-01,71.80333333333,285.55,466.0,9631.5,2446.65,0.0782338437494639,-0.04015639046001925,-0.05632353991704422,-0.05361334407233802,0.005376863807883117,0.04765392815826337,0.046139980046410164,0.05974198035945383,0.0496529576464216,0.05263003479913075,0.057611721496530544,0.03093315157076229,0.04653464509586933,0.05346102625203853,0.0707973659888008,0.0485627989282985,0.04345226751332111,0.027651362474946362,0.026192936649075068,0.023624887234600697,0,0,0,0,0
138,744,2021-07-01,73.28333333333,294.27,414.0,9450.82,2497.64,0.020402306726811918,0.030080568133462045,-0.11831966030033153,-0.018937466692166317,0.02062654407953355,0.02900960894059884,0.04629420873130895,0.060129148238456796,0.049913754661651814,0.04425971559831779,0.05145389557131145,0.057204410275737715,0.04904841717288955,0.05893759413421561,0.07267828997474414,0.05356748362973651,0.04252068052062969,0.02161791475848648,0.02017482403057609,0.023847281393613074,0,0,1,0,0
139,745,2021-08-01,68.86666666667,324.52,403.0,9370.14,2602.99,-0.062160938941187155,0.0978494542825304,-0.026929411878631408,-0.008573472787171068,0.04131449825841217,0.07055951532381818,0.05206535472974885,0.06781353484472553,0.06900660048798785,0.058704169408380316,0.055221165036267006,0.046654244559128526,0.038523974103485195,0.05554577613814613,0.023588199193423892,0.05266232852855937,0.04406921753508389,0.018037265897740802,0.02026127509144894,0.023087850806588116,0,0,0,0,0
140,746,2021-09-01,72.8,337.55,400.0,9324.71,2834.56,0.055543687185163365,0.0393664799610153,-0.007472014838700954,-0.004860171590159678,0.08522593802868386,0.06042348490349573,0.05223747962502116,0.05903888710448292,0.03674032383690874,0.04504432613606379,0.05028854430410735,0.05918610240945788,0.042677500633152,0.0552172493776561,0.007295788886193733,0.048678043119311586,0.04523060294214908,0.0329880980794668,0.02803031900508806,0.025348848933602584,0,0,0,0,0
141,747,2021-10-01,82.06333333333,354.67,401.0,9829.22,2934.39,0.11977535167041382,0.04947413219767558,0.002496880198587146,0.05269171622836204,0.03461287290987001,0.09226853885588486,0.06158154338060045,0.058370567503863977,0.03125858470362388,0.0452125573595857,0.04614120529218758,0.014965938177785666,0.046008108273197075,0.052781839166243294,0.03434974959240213,0.0510594359676558,0.04495971898945279,0.027491843292546926,0.027243345935487922,0.025359037086577413,0,0,0,0,0
142,748,2021-11-01,79.91666666667,379.45,400.0,9728.9,2636.45,-0.026506881777574376,0.0675350561643667,-0.0024968801985871545,-0.01025874468714379,-0.10706627995027038,0.07332177304205917,0.0675466062782009,0.06351325975714654,0.014270192089293142,0.0462935671959577,0.04743561673465233,0.004984450418655102,0.04622142404843257,0.05048742619771092,0.03489060263269029,0.03433855226572914,0.04601578378077906,0.09967527427531363,0.06483343713089587,0.04807889960727133,0,0,0,0,1
143,749,2021-12-01,72.86666666667,376.81,400.0,9551.18,2695.53,-0.09235313802110535,-0.006981754221742564,0.0,-0.018436130322667957,0.022161530235956364,0.10857617711590509,0.07862209930049172,0.06950866342582554,0.03887205319174748,0.03540734441538744,0.04671381336394598,0.002496880198589497,0.046702776494780905,0.04460712827632038,0.038920433194517774,0.02707624414586684,0.042207315176375375,0.07845151922798958,0.06478278219925106,0.04786798368068938,0,0,0,0,0
144,750,2022-01-01,83.92,374.24,427.0,9782.34,3005.98,0.14123267701366746,-0.006843778792310309,0.06531946612064246,0.023914012162258864,0.10900879244050465,0.12043990343059705,0.09737779346746718,0.07431158933300287,0.04298252582319773,0.04146443641633574,0.04527573135343132,0.03845327011040283,0.031307522564156726,0.04740950618564448,0.022465460582169368,0.027175144503843417,0.04218324009674387,0.10872803286689814,0.07521381530563481,0.05258976853181751,0,0,0,0,1
145,751,2022-02-01,93.54333333333,390.5,427.0,9943.17,3245.79,0.10856082295354187,0.042530666443871705,0.0,0.01630716407588511,0.07675513404164266,0.126488604722394,0.09248059981045281,0.07317605787474371,0.028546262685240974,0.030834015538388056,0.04512535900339235,0.03771221134807568,0.02748530957263635,0.0460480946352529,0.022577626137274532,0.02644144059759871,0.03989312153992691,0.043899899409581666,0.07755277817101358,0.05404231078794283,0,0,0,0,0
146,752,2022-03-01,112.39666666667,486.3,422.0,10230.89,3498.37,0.18360949398777912,0.2193977481299995,-0.011778699192612763,0.02852569189454947,0.07493837374072944,0.03762877376111175,0.10731606094098367,0.08467553308174122,0.11895729551025613,0.08346338275784389,0.06532104519684918,0.04153211107810819,0.02807158804390802,0.04459384262744364,0.006170145187619261,0.02622785710463804,0.03759658991096549,0.01916764864939315,0.07637230161780181,0.055003318579061475,0,1,0,0,0
147,753,2022-04-01,103.41333333333,495.28,431.0,10161.38,3244.41,-0.08330037820316297,0.01829754180123654,0.021102776067736036,-0.006817315503453975,-0.0753636302877687,0.13764925439093662,0.12058444992183652,0.09133370017570316,0.10978046418465048,0.08526442568733895,0.06565737489296547,0.01665961347957022,0.02824679976676514,0.04393704745773915,0.017949754639948055,0.01979412325775882,0.036959285179742625,0.08730608177945057,0.08870497588047738,0.06365193041170152,0,0,0,0,0
148,754,2022-05-01,110.09666666667,522.29,464.0,9377.15,2830.32,0.06262486493703767,0.05309972996336199,0.07377646212250744,-0.08031838080142986,-0.13654373597561845,0.1336490035659689,0.11638546003013439,0.09148338357679307,0.10747675417851556,0.08506562372890838,0.06562248744405491,0.043157452515082954,0.03639298726444391,0.05040992093271898,0.0555256201119811,0.0406519734685639,0.03588158061867815,0.10882583982142946,0.09733025498942895,0.07884952181079562,0,0,0,0,1
149,755,2022-06-01,116.8,459.59,444.0,9024.46,2563.44,0.059104302630889276,-0.1278882014869266,-0.044059989794030543,-0.038337210263120966,-0.09903967300027454,0.08325229132775407,0.09240617688674115,0.09096241627975646,0.09603653399639046,0.11218520122620439,0.07960843633680412,0.0590284291078328,0.04565036216929422,0.04938999002158669,0.03687440179258133,0.0426203500983409,0.03430201512526764,0.030849405910431515,0.10686626884922942,0.08522149151517625,0,0,0,0,1
150,756,2022-07-01,105.08333333333,382.5,418.0,7544.81,2408.42,-0.1057093842172391,-0.18360613442082158,-0.060343129907468394,-0.1790787589709774,-0.06237917562534319,0.09618763362109801,0.11189038081757463,0.10030629392864257,0.12375431683712693,0.14358675486529895,0.10254191363203359,0.07318769821324671,0.04802910363377824,0.03891953033353426,0.0722544283633012,0.07729655927860951,0.06088651208119693,0.037083079743070395,0.09093311237913611,0.08708740195763584,0,1,0,1,0
151,757,2022-08-01,95.97333333333,382.86,431.0,7981.84,2430.79,-0.09068331107425673,0.0009407338417199743,0.03062665757899147,0.05630905166131765,0.009245376556555242,0.09112780719595075,0.1160645616688543,0.1029915736000667,0.09465633383795173,0.14233212987312854,0.09979180887747377,0.04850899947966312,0.050066175653749406,0.038737497404105745,0.11844374179557464,0.08482330472225025,0.06463951872799967,0.05507528256934612,0.07718967507671605,0.08608919120681835,0,0,0,0,0
152,758,2022-09-01,88.22,419.14,439.0,7746.01,2224.76,-0.08423668042583721,0.09053560588348622,0.01839132297142367,-0.029991089243533463,-0.08856726276682615,0.011018309980283634,0.0788302561836222,0.10736283045963305,0.13978464475683477,0.10745902815470282,0.1020522787735834,0.049369895885430296,0.049974270354598775,0.03866364415227599,0.1190813930184041,0.07899911919108464,0.06474600255829877,0.05063464689122343,0.04859041078425544,0.08399458836331461,0,0,0,0,0
153,759,2022-10-01,90.32666666667,437.95,431.0,7651.08,2255.54,0.023599034073418616,0.04389975561730119,-0.018391322971423544,-0.012331057736052085,0.013740367504218188,0.06420092779798899,0.07926511704924243,0.10238698262926256,0.044810008513994255,0.10998972357727345,0.10190877694072052,0.025512836222696893,0.05027925231491152,0.03938526062341256,0.045590670922761534,0.07847731752169809,0.06114485205549705,0.057813447926213776,0.06072109862827938,0.08296645361648436,0,0,0,0,0
154,760,2022-11-01,87.37666666667,422.68,440.0,8049.86,2350.72,-0.03320445350926245,-0.03548935703626789,0.020666636808559128,0.05080788563032103,0.041332252073093795,0.05394359045519466,0.06744326966778522,0.1026101691395737,0.06371790043739224,0.1039114103792533,0.10165672837430306,0.021922835574613074,0.0378260509602825,0.03949778012086248,0.042479165918783084,0.08539368890366059,0.06455492538969154,0.06843737680218497,0.05963449783140399,0.0801335668542052,0,0,0,0,0
155,761,2022-12-01,78.06666666667,386.33,467.0,8375.4,2401.69,-0.11266511274539984,-0.08992346506610689,0.059554530756590396,0.039644137789736876,0.021450992002434496,0.06844529479331027,0.052520301387831946,0.10455506547962484,0.06729828838710722,0.09813908383402292,0.10558523811347587,0.03897295778544629,0.04196307497445467,0.042067019864023614,0.033696133272761275,0.08889995854191503,0.06648665372081723,0.01423628185430849,0.051903910684151414,0.08010825571214897,0,0,0,0,0
156,762,2023-01-01,80.41,380.36,517.0,9037.95,2501.82,0.02957538406450774,-0.015573753835479605,0.10171361683953174,0.07613354101176613,0.040845810799149306,0.07128307805826109,0.061009100729442774,0.09602142675508148,0.0384871903537034,0.06278182706520903,0.1056823389474632,0.04053449108928323,0.040996563515908975,0.04718942823202912,0.018697123815565913,0.04180249256024105,0.07055992497876377,0.011340635808657532,0.04840257417102912,0.07303653276125893,0,0,1,0,0
157,763,2023-02-01,80.25333333333,394.75,492.0,8936.59,2416.18,-0.0019502485486387808,0.03713448046450798,-0.049564158016120984,-0.011278294121911671,-0.03483068640210152,0.07470386602947297,0.05829934818794981,0.08935879983645853,0.06383541212310614,0.06470738844372867,0.10550251973458723,0.07806967181531113,0.053911536218578957,0.0507463235173411,0.04390406120306243,0.042427653620049785,0.07019435032401253,0.039308011373510046,0.051140898776523336,0.0671143161885768,0,0,0,0,0
158,764,2023-03-01,76.47333333333,369.86,476.0,8856.31,2296.42,-0.04824620182645045,-0.06512809747902096,-0.033060862260888065,-0.009023885344081143,-0.05083639205107687,0.03914370965247846,0.053209170427723364,0.06470139930602671,0.051139394118137206,0.05390468217897313,0.08107906703476576,0.08298743293701343,0.058508255785408116,0.052001937439966874,0.049829205866851335,0.038261110068806704,0.06920455659242612,0.048970639437392494,0.03912975112433352,0.059551688790521175,0,0,0,0,0
159,765,2023-04-01,82.46,378.18,501.0,8809.42,2343.23,0.07537123109378553,0.02224571709634311,0.05118824685344483,-0.0053085958087149875,0.020178930896351272,0.06245424488613673,0.06526744633368005,0.06933230962979708,0.05524716221330548,0.049224537424236894,0.08126882577435665,0.05403905724002539,0.05781770138205862,0.053293287974699344,0.0030144936893749157,0.0370780565522356,0.06921624410155698,0.03725009329288409,0.03949463330999816,0.06006079751132393,0,0,0,0,0
160,766,2023-05-01,74.12333333333,367.74,510.0,8217.47,2268.6,-0.10658295475556788,-0.027994106027378295,0.017804624633506686,-0.06955922769747591,-0.03236741831106217,0.0929083528826517,0.07540617015493274,0.0684526494871517,0.04385042117259476,0.04898304137289442,0.07770634087089494,0.042425771209030926,0.05787320325422187,0.04978027121312378,0.03607047441763445,0.04974433056453221,0.06831317521176666,0.036845166800554996,0.03786856798150537,0.04938645716477225,0,0,0,0,0
161,767,2023-06-01,73.26333333333,345.5,514.0,8396.52,2184.75,-0.01167011616215882,-0.062383523517970794,0.007812539736793625,0.02155495849073394,-0.03766149561728844,0.09100546577915937,0.0627870049510992,0.0625969386245767,0.042561289590817564,0.04231777748291797,0.07225593458133321,0.022714752772065083,0.055427345514133385,0.04703686555608292,0.046818068400359104,0.047613386641570464,0.06832229994782098,0.03197567046164816,0.037000942473987865,0.043051680145311716,0,0,0,0,0
162,768,2023-07-01,78.98333333333,345.5,547.0,8476.68,2159.73,0.07517660338441821,0.0,0.06222553696681609,0.00950152941507494,-0.011518191642594097,0.09090960400410979,0.07086120201768432,0.0666834464433757,0.031246349157759427,0.04301363751048891,0.05191023891553594,0.028965017638124462,0.044473923651654104,0.042985500628006955,0.049493574317668446,0.03144869663457662,0.04119975039548724,0.01382141966846353,0.025298948091612705,0.04019143551814166,0,0,0,0,0
163,769,2023-08-01,84.72433333333,315.82,635.0,8349.13,2136.57,0.07016598912220041,-0.08982021216922753,0.14917619647071048,-0.015161521892347646,-0.010781474451567396,0.04875894290520846,0.0769279591064631,0.06816521437176319,0.04602924143916265,0.04286129859936991,0.05679531213432691,0.0713031963997189,0.062236508800963784,0.056532644606558394,0.01871564044676558,0.031503244459849186,0.03895491256153437,0.015310947242645544,0.02524102707287728,0.039774851074278215,0,0,1,0,0
164,770,2023-09-01,92.22,314.68,620.0,8276.71,2184.67,0.08477417791091374,-0.0036161815774553036,-0.023905520853554366,-0.008711795377320074,0.022263047961773638,0.007423149284098218,0.07628311664614507,0.06897536381538458,0.050845980132149214,0.04219069470097744,0.046259932052644635,0.08654118208627125,0.06008784896310604,0.05875316412905631,0.012790558183704732,0.03150807641391111,0.037744933146204473,0.019294452410615684,0.025310079722112643,0.032211541489418155,0,0,0,0,0
165,771,2023-10-01,89.08366666667,298.1,590.0,7937.18,2192.21,-0.034601023733697604,-0.05412724877701588,-0.04959694113937206,-0.041887497994843634,0.003445380023541618,0.06511523750260918,0.07675920464376285,0.06949282864912121,0.04331375923734395,0.03535497748072185,0.041624261820098346,0.10811112352850662,0.07082182598674362,0.0616494572917966,0.017590262528437633,0.033591356771833725,0.03991767447835248,0.01657532541870254,0.022283417401577455,0.03190391405647641,0,0,0,0,0
166,772,2023-11-01,81.35433333333,283.55,598.0,8189.59,2202.26,-0.09076190302553613,-0.05004052622398878,0.01346821705086661,0.031305787116310504,0.00457393839132275,0.0896450396852804,0.07195623356054509,0.07376127027202882,0.028057348968152606,0.035044727401371975,0.0419440886894459,0.03171240435226878,0.07095951985689168,0.06174280300403183,0.0366499002685399,0.026808029409716584,0.03815502967944808,0.010553694992896248,0.02024315634432809,0.028954431702137167,0,0,0,0,0
167,773,2023-12-01,75.71933333333,291.12,644.0,8399.94,2182.43,-0.0717805780839724,0.02634707884386744,0.07410797215372183,0.025360727404793972,-0.00904517090115669,0.028567622468614624,0.08020928649508482,0.06918639238003066,0.04532821953129116,0.043175372682783764,0.041087633449833266,0.06185641929682267,0.07260450774349679,0.06260794698874352,0.04065079855660196,0.027472895138865527,0.03706179634105572,0.007558302767073384,0.013107026867470725,0.02769072122540587,0,0,0,0,0
168,774,2024-01-01,77.67233333333,283.91,660.0,8338.88,2192.82,0.025465601674033587,-0.025078266775011293,0.02454110891611766,-0.007295648179960792,0.004749451816855583,0.06235107994621154,0.07389064547613751,0.0690229211598241,0.03895028193484197,0.041019637384904294,0.04101081059018827,0.03229205981973794,0.07166999354145501,0.05800555859501442,0.020784021940897325,0.027173528145148205,0.028327469252012915,0.007914149341689302,0.011920692771963825,0.023556884289528957,0,0,0,0,0
169,775,2024-02-01,80.548,278.5,624.0,8304.95,2179.46,0.036354156406771886,-0.019239227161554365,-0.056089466651043585,-0.004077192209115519,-0.006111247029016037,0.05953780438382411,0.06829101198000706,0.06994965252965,0.028156621041502513,0.030014770757834253,0.03628078254532389,0.06571343941542418,0.04980384606762541,0.05874640729278772,0.017997168464158306,0.026528607380933614,0.02829812369863357,0.007266983608996672,0.010993780247327906,0.022341656730247128,0,0,0,0,0
170,776,2024-03-01,83.54566666667,274.83,613.0,8689.13,2226.16,0.036540108529631916,-0.013265334672111767,-0.017785432433216314,0.045221096613114825,0.021200988383317822,0.006340871449776436,0.057037423677058684,0.06887348506893666,0.0059065943367102094,0.029145608813526555,0.03464712478068284,0.040332007256952324,0.04934849395092349,0.05765202095716547,0.029435489416964215,0.0319326694931274,0.03189420480955222,0.013751157757543741,0.010630173242530901,0.019449960102094672,0,0,0,0,0
171,777,2024-04-01,88.01133333333,272.3,592.0,9464.43,2506.1,0.05207220551871882,-0.009248325015512928,-0.03485830105220575,0.08546774178717578,0.11844963182957816,0.009021619246352839,0.062261619700877964,0.06708749575245371,0.005027290253348735,0.02487169827862705,0.031843155320772025,0.01918959906184905,0.046799984563784265,0.05890416851889635,0.04484865091424505,0.034296094410419135,0.04052813640057496,0.06547094698844422,0.0482864643024614,0.03987321659230815,0,0,0,0,1
172,778,2024-05-01,81.445,289.42,628.0,10139.33,2564.54,-0.07753764825494137,0.06097452063013269,0.05903353158419293,0.0688813600514721,0.023051365400347603,0.07077392978716252,0.05861936060241268,0.0630832901973544,0.04175112879202919,0.033474325326316466,0.04078656459955365,0.050013851933590786,0.05264470649967297,0.06033705225560872,0.02022666792801693,0.037963573916899286,0.0365836919871264,0.05562006799849842,0.04751263738804682,0.03825241472932884,0,0,0,0,0
173,779,2024-06-01,81.205,265.55,632.0,9648.17,2497.61,-0.002951124183002188,-0.08607577344143844,0.0063492276786587445,-0.04965366096753338,-0.026444850693214596,0.0650505323829468,0.04737566360733671,0.06288793375375305,0.07354986275621236,0.04685915988693716,0.04350949266885545,0.04706267547632141,0.04182349205191612,0.06035954155098943,0.07369243827044354,0.05182779354681208,0.041335150221220744,0.07364907298673327,0.050472973529059474,0.037095642029327185,0,0,0,0,0
174,780,2024-07-01,83.25866666667,260.26,590.0,9385.31,2349.13,0.024975405919674967,-0.020122015519796924,-0.0687668572470923,-0.027622559135683386,-0.06128922777025922,0.052996803257238316,0.04734750285062178,0.05964069638491627,0.07365497872517848,0.04669618043166732,0.04297180806258688,0.06422746229613815,0.04655438569607094,0.06325626899948332,0.06304618290637214,0.05479094473317597,0.04286570541721255,0.04238187835588403,0.06117843237246137,0.042280869331666936,0,0,0,0,0
175,781,2024-08-01,78.121,250.85,589.0,8971.96,2343.67,-0.06369332080044034,-0.03682598041834926,-0.001696353248178402,-0.04504154259281779,-0.0023269700237509103,0.045335138380096084,0.0540223982299889,0.05873174245625109,0.03428912057814593,0.047596735738326075,0.037982174957009375,0.04124239342733664,0.042972327504092044,0.04448720172340874,0.011619395197309949,0.060591913875957776,0.04517010397141653,0.029643297782240365,0.06098003941685736,0.042027219405358404,0,0,0,0,0
176,782,2024-09-01,72.42433333333,269.69,580.0,9237.48,2449.92,-0.07571656805743299,0.07241800029293147,-0.01539808011112172,0.029164962850753255,0.04433729414159316,0.05499329534312476,0.056115682130237265,0.05408160119606453,0.05884573659379645,0.06026353985881216,0.04625747082909953,0.03543636596935413,0.04289258677244238,0.04424769409971619,0.03880474431515351,0.0592166184845192,0.04537187902598499,0.05293244675976754,0.06238543210576353,0.0431891545706041,0,0,0,0,0
177,783,2024-10-01,73.97066666667,272.85,515.0,9533.99,2595.58,0.021126279533630887,0.011649042409047503,-0.11886120287672881,0.03159418672036342,0.057754627425390476,0.05278487820860158,0.04867544132918127,0.05510946534259136,0.054737161968289656,0.0604439701796139,0.04479655942928327,0.06405721021076743,0.062267468732424704,0.05396538349846306,0.04356133910192717,0.04866564441413025,0.04273953343583065,0.03153668957099076,0.044919361534244605,0.04528600782804742,0,0,1,0,0
178,784,2024-11-01,72.29166666667,253.75,511.0,9075.73,2582.19,-0.022959756188938748,-0.07257266327624397,-0.00779731046003173,-0.04925949021730403,-0.005172122303414697,0.04848607510376293,0.04248981743794634,0.0499224288680173,0.0728107758428918,0.058195559033492245,0.047157476616806575,0.062045114863363414,0.0492210747818099,0.053423477430619815,0.0459956755974103,0.038693002237712534,0.04618168942778649,0.03314358404630131,0.04422989359686316,0.045558467280876015,0,0,0,0,0
179,785,2024-12-01,72.311,252.17,527.0,8916.32,2541.02,0.000267399404048035,-0.00624606711240911,0.03083095833765789,-0.017720512273634692,-0.016072300860250802,0.022053617174717016,0.04276555146397194,0.04597231319966517,0.04437106416725003,0.04899274210068636,0.0458408685774969,0.0777121552891269,0.05404883834073574,0.04820714620498401,0.04075120395141829,0.035619962413463185,0.046430897903377975,0.03985181941496073,0.04312484269720289,0.045915041188442876,0,0,0,0,0
