Reporter,Year,Partner,Product categories,Indicator Type,Indicator,Indicator Value
Anguila,2008,Guyana,All Products,Export,Trade (US$ Mil)-Top 5 Export Partner,4.389743
Anguila,2008,Netherlands Antilles,All Products,Export,Trade (US$ Mil)-Top 5 Export Partner,4.304281
Anguila,2008,United States,All Products,Export,Trade (US$ Mil)-Top 5 Export Partner,1.952128
Anguila,2008,United Kingdom,All Products,Export,Trade (US$ Mil)-Top 5 Export Partner,0.212417
Anguila,2008,France,All Products,Export,Trade (US$ Mil)-Top 5 Export Partner,0.139311
Anguila,2008,United States,All Products,Import,Trade (US$ Mil)-Top 5 Import Partner,161.476651
Anguila,2008,Trinidad and Tobago,All Products,Import,Trade (US$ Mil)-Top 5 Import Partner,39.319002
Anguila,2008,Netherlands Antilles,All Products,Import,Trade (US$ Mil)-Top 5 Import Partner,20.520786
Anguila,2008,Canada,All Products,Import,Trade (US$ Mil)-Top 5 Import Partner,5.715468
Anguila,2008,Guyana,All Products,Import,Trade (US$ Mil)-Top 5 Import Partner,5.406214
Anguila,2008,World,Food Products,Export,Export(US$ Mil),4.725965
Anguila,2008,World,Footwear,Export,Export(US$ Mil),0.005484
Anguila,2008,World,Consumer goods,Export,Export(US$ Mil),7.223365
Anguila,2008,World,Vegetable,Export,Export(US$ Mil),0.001725
Anguila,2008,World,Textiles and Clothing,Export,Export(US$ Mil),0.085517
Anguila,2008,World,Intermediate goods,Export,Export(US$ Mil),0.439131
Anguila,2008,World,Animal,Export,Export(US$ Mil),0.052592
Anguila,2008,World,Wood,Export,Export(US$ Mil),0.020587
Anguila,2008,World,Raw materials,Export,Export(US$ Mil),0.058501
Anguila,2008,World,Fuels,Export,Export(US$ Mil),0.043337
Anguila,2008,World,Metals,Export,Export(US$ Mil),0.84706
Anguila,2008,World,Plastic or Rubber,Export,Export(US$ Mil),0.069149
Anguila,2008,World,Transportation,Export,Export(US$ Mil),1.260595
Anguila,2008,World,Chemicals,Export,Export(US$ Mil),0.033778
Anguila,2008,World,Mach and Elec,Export,Export(US$ Mil),1.740511
Anguila,2008,World,Minerals,Export,Export(US$ Mil),
Anguila,2008,World,Stone and Glass,Export,Export(US$ Mil),2.238042
Anguila,2008,World,Capital goods,Export,Export(US$ Mil),1.30121
Anguila,2008,World,Hides and Skins,Export,Export(US$ Mil),
Anguila,2008,World,Miscellaneous,Export,Export(US$ Mil),0.350199
Anguila,2008,World,Intermediate goods,Import,Import(US$ Mil),30.579314
Anguila,2008,World,Consumer goods,Import,Import(US$ Mil),128.807274
Anguila,2008,World,Capital goods,Import,Import(US$ Mil),31.423977
Anguila,2008,World,Raw materials,Import,Import(US$ Mil),7.502538
Anguila,2008,World,All Products,Export,Exports (in US$ Mil),11.47454
Anguila,2008,World,All Products,Import,Imports (in US$ Mil),271.7444
Anguila,2008,...,...,Import,No. Of Import partners,87
Anguila,2008,...,...,Import,No. Of Import products,1623
Anguila,2008,...,...,Export,No. Of Export partners,26
Anguila,2008,...,...,Export,No. Of Export products,277
Anguila,2008,Guyana,All Products,Export,Partner share(%)-Top 5 Export Partner,38.2564
Anguila,2008,Netherlands Antilles,All Products,Export,Partner share(%)-Top 5 Export Partner,37.5116
Anguila,2008,United States,All Products,Export,Partner share(%)-Top 5 Export Partner,17.0127
Anguila,2008,United Kingdom,All Products,Export,Partner share(%)-Top 5 Export Partner,1.8512
Anguila,2008,France,All Products,Export,Partner share(%)-Top 5 Export Partner,1.2141
Anguila,2008,United States,All Products,Import,Partner share(%)-Top 5 Import Partner,59.4223
Anguila,2008,Trinidad and Tobago,All Products,Import,Partner share(%)-Top 5 Import Partner,14.4691
Anguila,2008,Netherlands Antilles,All Products,Import,Partner share(%)-Top 5 Import Partner,7.5515
Anguila,2008,Canada,All Products,Import,Partner share(%)-Top 5 Import Partner,2.1033
Anguila,2008,Guyana,All Products,Import,Partner share(%)-Top 5 Import Partner,1.9894
Anguila,2008,World,Food Products,Export,Export Product share(%),41.1865
Anguila,2008,World,Footwear,Export,Export Product share(%),0.0478
Anguila,2008,World,Consumer goods,Export,Export Product share(%),62.9512
Anguila,2008,World,Vegetable,Export,Export Product share(%),0.015
Anguila,2008,World,Textiles and Clothing,Export,Export Product share(%),0.7453
Anguila,2008,World,Intermediate goods,Export,Export Product share(%),3.827
Anguila,2008,World,Plastic or Rubber,Export,Export Product share(%),0.6026
Anguila,2008,World,Transportation,Export,Export Product share(%),10.986
Anguila,2008,World,Animal,Export,Export Product share(%),0.4583
Anguila,2008,World,Wood,Export,Export Product share(%),0.1794
Anguila,2008,World,Raw materials,Export,Export Product share(%),0.5098
Anguila,2008,World,Chemicals,Export,Export Product share(%),0.2944
Anguila,2008,World,Mach and Elec,Export,Export Product share(%),15.1685
Anguila,2008,World,Minerals,Export,Export Product share(%),
Anguila,2008,World,Stone and Glass,Export,Export Product share(%),19.5044
Anguila,2008,World,Capital goods,Export,Export Product share(%),11.34
Anguila,2008,World,Fuels,Export,Export Product share(%),0.3777
Anguila,2008,World,Metals,Export,Export Product share(%),7.3821
Anguila,2008,World,Hides and Skins,Export,Export Product share(%),
Anguila,2008,World,Miscellaneous,Export,Export Product share(%),3.052
Anguila,2008,World,Consumer goods,Import,Import Product share(%),47.4002
Anguila,2008,World,Intermediate goods,Import,Import Product share(%),11.253
Anguila,2008,World,Raw materials,Import,Import Product share(%),2.7609
Anguila,2008,World,Capital goods,Import,Import Product share(%),11.5638
Anguila,2008,World,All Products,Trade Indicator,World Growth (%),7.42608977282768
Anguila,2008,World,All Products,Trade Indicator,Country Growth (%),-3.49280585520115
Anguila,2008,...,...,Trade Indicator,Index of export market penetration,1.21105564708486
Anguila,2008,...,...,Trade Indicator,HH Market concentration index,0.178875882497384
