Reporter,Year,Partner,Product categories,Indicator Type,Indicator,Indicator Value
Belgium-Luxembourg,1998,Germany,All Products,Export,Trade (US$ Mil)-Top 5 Export Partner,34900.328448
Belgium-Luxembourg,1998,France,All Products,Export,Trade (US$ Mil)-Top 5 Export Partner,32474.01984
Belgium-Luxembourg,1998,Netherlands,All Products,Export,Trade (US$ Mil)-Top 5 Export Partner,22417.557504
Belgium-Luxembourg,1998,United Kingdom,All Products,Export,Trade (US$ Mil)-Top 5 Export Partner,17730.439168
Belgium-Luxembourg,1998,Italy,All Products,Export,Trade (US$ Mil)-Top 5 Export Partner,10513.327104
Belgium-Luxembourg,1998,Germany,All Products,Import,Trade (US$ Mil)-Top 5 Import Partner,31050.549248
Belgium-Luxembourg,1998,Netherlands,All Products,Import,Trade (US$ Mil)-Top 5 Import Partner,27467.69408
Belgium-Luxembourg,1998,France,All Products,Import,Trade (US$ Mil)-Top 5 Import Partner,22861.953024
Belgium-Luxembourg,1998,United Kingdom,All Products,Import,Trade (US$ Mil)-Top 5 Import Partner,14134.959104
Belgium-Luxembourg,1998,United States,All Products,Import,Trade (US$ Mil)-Top 5 Import Partner,13345.445888
Belgium-Luxembourg,1998,World,Food Products,Export,Export(US$ Mil),8165.735328
Belgium-Luxembourg,1998,World,Footwear,Export,Export(US$ Mil),1582.873112
Belgium-Luxembourg,1998,World,Consumer goods,Export,Export(US$ Mil),62197.1668980001
Belgium-Luxembourg,1998,World,Vegetable,Export,Export(US$ Mil),6042.357486
Belgium-Luxembourg,1998,World,Textiles and Clothing,Export,Export(US$ Mil),11544.960529
Belgium-Luxembourg,1998,World,Intermediate goods,Export,Export(US$ Mil),55829.315714
Belgium-Luxembourg,1998,World,Hides and Skins,Export,Export(US$ Mil),678.742
Belgium-Luxembourg,1998,World,Miscellaneous,Export,Export(US$ Mil),7027.674668
Belgium-Luxembourg,1998,World,Minerals,Export,Export(US$ Mil),1217.46576
Belgium-Luxembourg,1998,World,Stone and Glass,Export,Export(US$ Mil),14421.696416
Belgium-Luxembourg,1998,World,Capital goods,Export,Export(US$ Mil),33555.756907
Belgium-Luxembourg,1998,World,Animal,Export,Export(US$ Mil),5017.01264
Belgium-Luxembourg,1998,World,Wood,Export,Export(US$ Mil),6360.577694
Belgium-Luxembourg,1998,World,Raw materials,Export,Export(US$ Mil),14810.175562
Belgium-Luxembourg,1998,World,Fuels,Export,Export(US$ Mil),4335.994368
Belgium-Luxembourg,1998,World,Metals,Export,Export(US$ Mil),17405.519428
Belgium-Luxembourg,1998,World,Chemicals,Export,Export(US$ Mil),25756.040424
Belgium-Luxembourg,1998,World,Mach and Elec,Export,Export(US$ Mil),27329.620992
Belgium-Luxembourg,1998,World,Plastic or Rubber,Export,Export(US$ Mil),15109.950208
Belgium-Luxembourg,1998,World,Transportation,Export,Export(US$ Mil),26619.22096
Belgium-Luxembourg,1998,World,Intermediate goods,Import,Import(US$ Mil),48001.0057380001
Belgium-Luxembourg,1998,World,Consumer goods,Import,Import(US$ Mil),53087.893107
Belgium-Luxembourg,1998,World,Capital goods,Import,Import(US$ Mil),40609.1524540001
Belgium-Luxembourg,1998,World,Raw materials,Import,Import(US$ Mil),21100.904939
Belgium-Luxembourg,1998,World,All Products,Export,Exports (in US$ Mil),178615.435264
Belgium-Luxembourg,1998,World,All Products,Import,Imports (in US$ Mil),166721.634304
Belgium-Luxembourg,1998,...,...,Import,No. Of Import partners,194
Belgium-Luxembourg,1998,...,...,Import,No. Of Import products,4911
Belgium-Luxembourg,1998,...,...,Export,No. Of Export partners,208
Belgium-Luxembourg,1998,...,...,Export,No. Of Export products,4794
Belgium-Luxembourg,1998,Germany,All Products,Export,Partner share(%)-Top 5 Export Partner,19.5394
Belgium-Luxembourg,1998,France,All Products,Export,Partner share(%)-Top 5 Export Partner,18.181
Belgium-Luxembourg,1998,Netherlands,All Products,Export,Partner share(%)-Top 5 Export Partner,12.5507
Belgium-Luxembourg,1998,United Kingdom,All Products,Export,Partner share(%)-Top 5 Export Partner,9.9266
Belgium-Luxembourg,1998,Italy,All Products,Export,Partner share(%)-Top 5 Export Partner,5.886
Belgium-Luxembourg,1998,Germany,All Products,Import,Partner share(%)-Top 5 Import Partner,18.6242
Belgium-Luxembourg,1998,Netherlands,All Products,Import,Partner share(%)-Top 5 Import Partner,16.4752
Belgium-Luxembourg,1998,France,All Products,Import,Partner share(%)-Top 5 Import Partner,13.7126
Belgium-Luxembourg,1998,United Kingdom,All Products,Import,Partner share(%)-Top 5 Import Partner,8.4782
Belgium-Luxembourg,1998,United States,All Products,Import,Partner share(%)-Top 5 Import Partner,8.0046
Belgium-Luxembourg,1998,World,Food Products,Export,Export Product share(%),4.5717
Belgium-Luxembourg,1998,World,Footwear,Export,Export Product share(%),0.8862
Belgium-Luxembourg,1998,World,Consumer goods,Export,Export Product share(%),34.8218
Belgium-Luxembourg,1998,World,Vegetable,Export,Export Product share(%),3.3829
Belgium-Luxembourg,1998,World,Textiles and Clothing,Export,Export Product share(%),6.4636
Belgium-Luxembourg,1998,World,Intermediate goods,Export,Export Product share(%),31.2567
Belgium-Luxembourg,1998,World,Chemicals,Export,Export Product share(%),14.4198
Belgium-Luxembourg,1998,World,Mach and Elec,Export,Export Product share(%),15.3008
Belgium-Luxembourg,1998,World,Fuels,Export,Export Product share(%),2.4276
Belgium-Luxembourg,1998,World,Metals,Export,Export Product share(%),9.7447
Belgium-Luxembourg,1998,World,Minerals,Export,Export Product share(%),0.6816
Belgium-Luxembourg,1998,World,Stone and Glass,Export,Export Product share(%),8.0742
Belgium-Luxembourg,1998,World,Capital goods,Export,Export Product share(%),18.7866
Belgium-Luxembourg,1998,World,Animal,Export,Export Product share(%),2.8088
Belgium-Luxembourg,1998,World,Wood,Export,Export Product share(%),3.561
Belgium-Luxembourg,1998,World,Raw materials,Export,Export Product share(%),8.2917
Belgium-Luxembourg,1998,World,Hides and Skins,Export,Export Product share(%),0.38
Belgium-Luxembourg,1998,World,Miscellaneous,Export,Export Product share(%),3.9345
Belgium-Luxembourg,1998,World,Plastic or Rubber,Export,Export Product share(%),8.4595
Belgium-Luxembourg,1998,World,Transportation,Export,Export Product share(%),14.9031
Belgium-Luxembourg,1998,World,Intermediate goods,Import,Import Product share(%),28.7911
Belgium-Luxembourg,1998,World,Consumer goods,Import,Import Product share(%),31.8422
Belgium-Luxembourg,1998,World,Raw materials,Import,Import Product share(%),12.6564
Belgium-Luxembourg,1998,World,Capital goods,Import,Import Product share(%),24.3575
Belgium-Luxembourg,1998,World,All Products,Trade Indicator,World Growth (%),-0.467442155440123
Belgium-Luxembourg,1998,World,All Products,Trade Indicator,Country Growth (%),0.42175995639584
Belgium-Luxembourg,1998,...,...,Trade Indicator,Index of export market penetration,21.0200632968292
Belgium-Luxembourg,1998,...,...,Trade Indicator,HH Market concentration index,0.0877108520056218
