Reporter,Year,Partner,Product categories,Indicator Type,Indicator,Indicator Value
Bangladesh,2015,United States,All Products,Export,Trade (US$ Mil)-Top 5 Export Partner,6139.352462
Bangladesh,2015,Germany,All Products,Export,Trade (US$ Mil)-Top 5 Export Partner,4673.195989
Bangladesh,2015,United Kingdom,All Products,Export,Trade (US$ Mil)-Top 5 Export Partner,3499.88043
Bangladesh,2015,Spain,All Products,Export,Trade (US$ Mil)-Top 5 Export Partner,1845.435424
Bangladesh,2015,France,All Products,Export,Trade (US$ Mil)-Top 5 Export Partner,1755.410855
Bangladesh,2015,China,All Products,Import,Trade (US$ Mil)-Top 5 Import Partner,10349.332537
Bangladesh,2015,India,All Products,Import,Trade (US$ Mil)-Top 5 Import Partner,5882.080036
Bangladesh,2015,Singapore,All Products,Import,Trade (US$ Mil)-Top 5 Import Partner,4417.926243
Bangladesh,2015,"Hong Kong, China",All Products,Import,Trade (US$ Mil)-Top 5 Import Partner,2624.045683
Bangladesh,2015,Indonesia,All Products,Import,Trade (US$ Mil)-Top 5 Import Partner,2203.619112
Bangladesh,2015,World,Fuels,Export,Export(US$ Mil),178.120909
Bangladesh,2015,World,Metals,Export,Export(US$ Mil),94.994987
Bangladesh,2015,World,Minerals,Export,Export(US$ Mil),9.939278
Bangladesh,2015,World,Stone and Glass,Export,Export(US$ Mil),43.463656
Bangladesh,2015,World,Capital goods,Export,Export(US$ Mil),292.783134
Bangladesh,2015,World,Chemicals,Export,Export(US$ Mil),101.246184
Bangladesh,2015,World,Mach and Elec,Export,Export(US$ Mil),230.773854
Bangladesh,2015,World,Animal,Export,Export(US$ Mil),462.572821
Bangladesh,2015,World,Wood,Export,Export(US$ Mil),49.418835
Bangladesh,2015,World,Raw materials,Export,Export(US$ Mil),823.791362
Bangladesh,2015,World,Plastic or Rubber,Export,Export(US$ Mil),101.905574
Bangladesh,2015,World,Transportation,Export,Export(US$ Mil),166.042954
Bangladesh,2015,World,Hides and Skins,Export,Export(US$ Mil),592.245788
Bangladesh,2015,World,Miscellaneous,Export,Export(US$ Mil),138.304417
Bangladesh,2015,World,Food Products,Export,Export(US$ Mil),244.825059
Bangladesh,2015,World,Footwear,Export,Export(US$ Mil),787.292443
Bangladesh,2015,World,Consumer goods,Export,Export(US$ Mil),29643.834042
Bangladesh,2015,World,Vegetable,Export,Export(US$ Mil),200.448362
Bangladesh,2015,World,Textiles and Clothing,Export,Export(US$ Mil),28332.567299
Bangladesh,2015,World,Intermediate goods,Export,Export(US$ Mil),973.239914999999
Bangladesh,2015,World,Consumer goods,Import,Import(US$ Mil),11131.551678
Bangladesh,2015,World,Capital goods,Import,Import(US$ Mil),8295.023972
Bangladesh,2015,World,Raw materials,Import,Import(US$ Mil),6089.18187099999
Bangladesh,2015,World,Intermediate goods,Import,Import(US$ Mil),22542.408136
Bangladesh,2015,World,All Products,Export,Exports (in US$ Mil),31734.162419
Bangladesh,2015,World,All Products,Import,Imports (in US$ Mil),48058.710041
Bangladesh,2015,World,All Products,Tariff,Duty Free Imports (US$ Thousand),4715629.163
Bangladesh,2015,...,...,Tariff,No. Of Tariff Agreement,5
Bangladesh,2015,...,...,Import,No. Of Import partners,202
Bangladesh,2015,...,...,Import,No. Of Import products,4208
Bangladesh,2015,...,...,Export,No. Of Export partners,188
Bangladesh,2015,...,...,Export,No. Of Export products,1728
Bangladesh,2019,...,...,Others,Trading Across Borders Rank,176
Bangladesh,2018,...,...,Others,Population,161356039
Bangladesh,2019,...,...,Others,Ease of Doing Business Rank,168
Bangladesh,2018,...,...,Others,CPIA Trade Ratings,3.5
Bangladesh,2016,...,...,Others,LPI Score,2.663902
Bangladesh,2016,...,...,Others,LPI Rank,87
Bangladesh,,...,...,Others,Services Trade Restrictions Index - Over All,44.2
Bangladesh,2015,United States,All Products,Export,Partner share(%)-Top 5 Export Partner,19.3462
Bangladesh,2015,Germany,All Products,Export,Partner share(%)-Top 5 Export Partner,14.7261
Bangladesh,2015,United Kingdom,All Products,Export,Partner share(%)-Top 5 Export Partner,11.0287
Bangladesh,2015,Spain,All Products,Export,Partner share(%)-Top 5 Export Partner,5.8153
Bangladesh,2015,France,All Products,Export,Partner share(%)-Top 5 Export Partner,5.5316
Bangladesh,2015,China,All Products,Import,Partner share(%)-Top 5 Import Partner,21.5348
Bangladesh,2015,India,All Products,Import,Partner share(%)-Top 5 Import Partner,12.2394
Bangladesh,2015,Singapore,All Products,Import,Partner share(%)-Top 5 Import Partner,9.1928
Bangladesh,2015,"Hong Kong, China",All Products,Import,Partner share(%)-Top 5 Import Partner,5.4601
Bangladesh,2015,Indonesia,All Products,Import,Partner share(%)-Top 5 Import Partner,4.5853
Bangladesh,2015,World,Vegetable,Export,Export Product share(%),0.6316
Bangladesh,2015,World,Textiles and Clothing,Export,Export Product share(%),89.281
Bangladesh,2015,World,Intermediate goods,Export,Export Product share(%),3.0669
Bangladesh,2015,World,Minerals,Export,Export Product share(%),0.0313
Bangladesh,2015,World,Stone and Glass,Export,Export Product share(%),0.137
Bangladesh,2015,World,Capital goods,Export,Export Product share(%),0.9226
Bangladesh,2015,World,Fuels,Export,Export Product share(%),0.5613
Bangladesh,2015,World,Metals,Export,Export Product share(%),0.2993
Bangladesh,2015,World,Food Products,Export,Export Product share(%),0.7715
Bangladesh,2015,World,Footwear,Export,Export Product share(%),2.4809
Bangladesh,2015,World,Consumer goods,Export,Export Product share(%),93.413
Bangladesh,2015,World,Animal,Export,Export Product share(%),1.4576
Bangladesh,2015,World,Wood,Export,Export Product share(%),0.1557
Bangladesh,2015,World,Raw materials,Export,Export Product share(%),2.5959
Bangladesh,2015,World,Hides and Skins,Export,Export Product share(%),1.8663
Bangladesh,2015,World,Miscellaneous,Export,Export Product share(%),0.4358
Bangladesh,2015,World,Chemicals,Export,Export Product share(%),0.319
Bangladesh,2015,World,Mach and Elec,Export,Export Product share(%),0.7272
Bangladesh,2015,World,Plastic or Rubber,Export,Export Product share(%),0.3211
Bangladesh,2015,World,Transportation,Export,Export Product share(%),0.5232
Bangladesh,2015,World,Intermediate goods,Import,Import Product share(%),46.906
Bangladesh,2015,World,Consumer goods,Import,Import Product share(%),23.1624
Bangladesh,2015,World,Capital goods,Import,Import Product share(%),17.2602
Bangladesh,2015,World,Raw materials,Import,Import Product share(%),12.6703
Bangladesh,2015,World,Consumer goods,Tariff,Weighted Average (%),18.4729709424729
Bangladesh,2015,World,Capital goods,Tariff,Weighted Average (%),6.62557446302281
Bangladesh,2015,World,Intermediate goods,Tariff,Weighted Average (%),12.9144383443895
Bangladesh,2015,World,Raw materials,Tariff,Weighted Average (%),4.87658619784198
Bangladesh,2015,World,All Products,Trade Indicator,World Growth (%),-6.29981602065875
Bangladesh,2015,World,All Products,Trade Indicator,Country Growth (%),2.98210184166243
Bangladesh,2015,World,All Products,Tariff,Simple Average (%),11.9728630040415
Bangladesh,2015,World,All Products,Tariff,Weighted Average (%),11.8230464210663
Bangladesh,2015,World,All Products,Tariff,Maximum Rate (%),25
Bangladesh,2015,World,All Products,Tariff,Duty Free Tariff Lines Share (%),7.09016202082458
Bangladesh,2015,...,...,Trade Indicator,Index of export market penetration,6.0766732263608
Bangladesh,2015,...,...,Trade Indicator,HH Market concentration index,0.0722590252052328
