Reporter,Year,Partner,Product categories,Indicator Type,Indicator,Indicator Value
Barbados,2021,Unspecified,All Products,Export,Trade (US$ Mil)-Top 5 Export Partner,73.075832
Barbados,2021,United States,All Products,Export,Trade (US$ Mil)-Top 5 Export Partner,67.3656635
Barbados,2021,Jamaica,All Products,Export,Trade (US$ Mil)-Top 5 Export Partner,27.040035
Barbados,2021,Guyana,All Products,Export,Trade (US$ Mil)-Top 5 Export Partner,26.268741
Barbados,2021,Trinidad and Tobago,All Products,Export,Trade (US$ Mil)-Top 5 Export Partner,25.6630995
Barbados,2021,United States,All Products,Import,Trade (US$ Mil)-Top 5 Import Partner,787.137035
Barbados,2021,Trinidad and Tobago,All Products,Import,Trade (US$ Mil)-Top 5 Import Partner,208.979642
Barbados,2021,United Kingdom,All Products,Import,Trade (US$ Mil)-Top 5 Import Partner,73.955181
Barbados,2021,China,All Products,Import,Trade (US$ Mil)-Top 5 Import Partner,67.2455665
Barbados,2021,Netherlands,All Products,Import,Trade (US$ Mil)-Top 5 Import Partner,54.0604095
Barbados,2021,World,Fuels,Export,Export(US$ Mil),83.506293
Barbados,2021,World,Metals,Export,Export(US$ Mil),19.111194
Barbados,2021,World,Minerals,Export,Export(US$ Mil),14.057793
Barbados,2021,World,Stone and Glass,Export,Export(US$ Mil),12.0517615
Barbados,2021,World,Capital goods,Export,Export(US$ Mil),26.509277
Barbados,2021,World,Animal,Export,Export(US$ Mil),2.7707225
Barbados,2021,World,Wood,Export,Export(US$ Mil),20.165791
Barbados,2021,World,Raw materials,Export,Export(US$ Mil),15.682367
Barbados,2021,World,Plastic or Rubber,Export,Export(US$ Mil),6.788662
Barbados,2021,World,Transportation,Export,Export(US$ Mil),4.3368005
Barbados,2021,World,Chemicals,Export,Export(US$ Mil),50.096424
Barbados,2021,World,Mach and Elec,Export,Export(US$ Mil),12.921082
Barbados,2021,World,Vegetable,Export,Export(US$ Mil),16.7692445
Barbados,2021,World,Textiles and Clothing,Export,Export(US$ Mil),5.84234
Barbados,2021,World,Intermediate goods,Export,Export(US$ Mil),50.388697
Barbados,2021,World,Hides and Skins,Export,Export(US$ Mil),1.107725
Barbados,2021,World,Miscellaneous,Export,Export(US$ Mil),19.983541
Barbados,2021,World,Food Products,Export,Export(US$ Mil),78.5869425
Barbados,2021,World,Footwear,Export,Export(US$ Mil),2.0765945
Barbados,2021,World,Consumer goods,Export,Export(US$ Mil),255.168105
Barbados,2021,World,Intermediate goods,Import,Import(US$ Mil),203.7647145
Barbados,2021,World,Capital goods,Import,Import(US$ Mil),336.9720375
Barbados,2021,World,Raw materials,Import,Import(US$ Mil),132.0752135
Barbados,2021,World,Consumer goods,Import,Import(US$ Mil),991.762158500001
Barbados,2021,World,All Products,Export,Exports (in US$ Mil),350.172911
Barbados,2021,World,All Products,Import,Imports (in US$ Mil),1673.2554875
Barbados,2021,World,All Products,Tariff,Duty Free Imports (US$ Thousand),340670.225
Barbados,2021,...,...,Tariff,No. Of Tariff Agreement,4
Barbados,2021,...,...,Import,No. Of Import partners,142
Barbados,2021,...,...,Import,No. Of Import products,3547
Barbados,2021,...,...,Export,No. Of Export partners,108
Barbados,2021,...,...,Export,No. Of Export products,1433
Barbados,2019,...,...,Others,Ease of Doing Business Rank,128
Barbados,2019,...,...,Others,Trading Across Borders Rank,132
Barbados,2018,...,...,Others,Population,286641
Barbados,2021,Unspecified,All Products,Export,Partner share(%)-Top 5 Export Partner,20.8685
Barbados,2021,United States,All Products,Export,Partner share(%)-Top 5 Export Partner,19.2378
Barbados,2021,Jamaica,All Products,Export,Partner share(%)-Top 5 Export Partner,7.7219
Barbados,2021,Guyana,All Products,Export,Partner share(%)-Top 5 Export Partner,7.5016
Barbados,2021,Trinidad and Tobago,All Products,Export,Partner share(%)-Top 5 Export Partner,7.3287
Barbados,2021,United States,All Products,Import,Partner share(%)-Top 5 Import Partner,47.0423
Barbados,2021,Trinidad and Tobago,All Products,Import,Partner share(%)-Top 5 Import Partner,12.4894
Barbados,2021,United Kingdom,All Products,Import,Partner share(%)-Top 5 Import Partner,4.4198
Barbados,2021,China,All Products,Import,Partner share(%)-Top 5 Import Partner,4.0188
Barbados,2021,Netherlands,All Products,Import,Partner share(%)-Top 5 Import Partner,3.2309
Barbados,2021,World,Vegetable,Export,Export Product share(%),4.7888
Barbados,2021,World,Textiles and Clothing,Export,Export Product share(%),1.6684
Barbados,2021,World,Intermediate goods,Export,Export Product share(%),14.3897
Barbados,2021,World,Food Products,Export,Export Product share(%),22.4423
Barbados,2021,World,Footwear,Export,Export Product share(%),0.593
Barbados,2021,World,Consumer goods,Export,Export Product share(%),72.8692
Barbados,2021,World,Minerals,Export,Export Product share(%),4.0145
Barbados,2021,World,Stone and Glass,Export,Export Product share(%),3.4417
Barbados,2021,World,Capital goods,Export,Export Product share(%),7.5703
Barbados,2021,World,Fuels,Export,Export Product share(%),23.8472
Barbados,2021,World,Metals,Export,Export Product share(%),5.4576
Barbados,2021,World,Hides and Skins,Export,Export Product share(%),0.3163
Barbados,2021,World,Miscellaneous,Export,Export Product share(%),5.7068
Barbados,2021,World,Chemicals,Export,Export Product share(%),14.3062
Barbados,2021,World,Mach and Elec,Export,Export Product share(%),3.6899
Barbados,2021,World,Animal,Export,Export Product share(%),0.7912
Barbados,2021,World,Wood,Export,Export Product share(%),5.7588
Barbados,2021,World,Raw materials,Export,Export Product share(%),4.4785
Barbados,2021,World,Plastic or Rubber,Export,Export Product share(%),1.9387
Barbados,2021,World,Transportation,Export,Export Product share(%),1.2385
Barbados,2021,World,Consumer goods,Import,Import Product share(%),59.2714
Barbados,2021,World,Intermediate goods,Import,Import Product share(%),12.1777
Barbados,2021,World,Capital goods,Import,Import Product share(%),20.1387
Barbados,2021,World,Raw materials,Import,Import Product share(%),7.8933
Barbados,2021,World,Intermediate goods,Tariff,Weighted Average (%),12.0682299128861
Barbados,2021,World,Consumer goods,Tariff,Weighted Average (%),12.3330424866575
Barbados,2021,World,Capital goods,Tariff,Weighted Average (%),5.34849490288373
Barbados,2021,World,Raw materials,Tariff,Weighted Average (%),35.2375169567233
Barbados,2021,World,All Products,Trade Indicator,World Growth (%),12.5883765814344
Barbados,2021,World,All Products,Trade Indicator,Country Growth (%),2.47137839102698
Barbados,2021,World,All Products,Tariff,Simple Average (%),9.5297663716755
Barbados,2021,World,All Products,Tariff,Weighted Average (%),12.2391510978382
Barbados,2021,World,All Products,Tariff,Maximum Rate (%),967.438720703125
Barbados,2021,World,All Products,Tariff,Duty Free Tariff Lines Share (%),37.6021314387211
Barbados,2021,...,...,Trade Indicator,Index of export market penetration,1.89066702135597
Barbados,2021,...,...,Trade Indicator,HH Market concentration index,0.0786750075534391
