Reporter,Year,Partner,Product categories,Indicator Type,Indicator,Indicator Value
European Union,2021,United States,All Products,Export,Trade (US$ Mil)-Top 5 Export Partner,463858.079446199
European Union,2021,United Kingdom,All Products,Export,Trade (US$ Mil)-Top 5 Export Partner,331582.327945103
European Union,2021,China,All Products,Export,Trade (US$ Mil)-Top 5 Export Partner,260734.89083615
European Union,2021,Switzerland,All Products,Export,Trade (US$ Mil)-Top 5 Export Partner,185716.055462855
European Union,2021,Russian Federation,All Products,Export,Trade (US$ Mil)-Top 5 Export Partner,104373.97774576
European Union,2021,China,All Products,Import,Trade (US$ Mil)-Top 5 Import Partner,559014.747140693
European Union,2021,United States,All Products,Import,Trade (US$ Mil)-Top 5 Import Partner,273934.349764925
European Union,2021,Russian Federation,All Products,Import,Trade (US$ Mil)-Top 5 Import Partner,174567.482128948
European Union,2021,United Kingdom,All Products,Import,Trade (US$ Mil)-Top 5 Import Partner,169736.690355601
European Union,2021,Switzerland,All Products,Import,Trade (US$ Mil)-Top 5 Import Partner,147927.836554757
European Union,2021,World,Hides and Skins,Export,Export(US$ Mil),25921.606864911
European Union,2021,World,Miscellaneous,Export,Export(US$ Mil),239211.536877528
European Union,2021,World,Fuels,Export,Export(US$ Mil),123505.697645208
European Union,2021,World,Metals,Export,Export(US$ Mil),147421.203450973
European Union,2021,World,Food Products,Export,Export(US$ Mil),125540.976523084
European Union,2021,World,Footwear,Export,Export(US$ Mil),16900.007816415
European Union,2021,World,Consumer goods,Export,Export(US$ Mil),936354.650947962
European Union,2021,World,Chemicals,Export,Export(US$ Mil),473923.160826611
European Union,2021,World,Mach and Elec,Export,Export(US$ Mil),605491.825957449
European Union,2021,World,Plastic or Rubber,Export,Export(US$ Mil),112138.861085504
European Union,2021,World,Transportation,Export,Export(US$ Mil),355663.133083809
European Union,2021,World,Animal,Export,Export(US$ Mil),50875.626436528
European Union,2021,World,Wood,Export,Export(US$ Mil),73542.649300701
European Union,2021,World,Raw materials,Export,Export(US$ Mil),117237.872593852
European Union,2021,World,Vegetable,Export,Export(US$ Mil),57426.111539024
European Union,2021,World,Textiles and Clothing,Export,Export(US$ Mil),69054.880757165
European Union,2021,World,Intermediate goods,Export,Export(US$ Mil),575100.793872267
European Union,2021,World,Minerals,Export,Export(US$ Mil),13170.979547782
European Union,2021,World,Stone and Glass,Export,Export(US$ Mil),86525.76148917
European Union,2021,World,Capital goods,Export,Export(US$ Mil),870298.953454412
European Union,2021,World,Intermediate goods,Import,Import(US$ Mil),527135.090078112
European Union,2021,World,Consumer goods,Import,Import(US$ Mil),768767.583654733
European Union,2021,World,Raw materials,Import,Import(US$ Mil),417993.062406586
European Union,2021,World,Capital goods,Import,Import(US$ Mil),720505.360644992
European Union,2021,World,All Products,Export,Exports (in US$ Mil),2576314.01920186
European Union,2021,World,All Products,Import,Imports (in US$ Mil),2510166.21507145
European Union,2021,World,All Products,Tariff,Duty Free Imports (US$ Thousand),1614575309.20473
European Union,2021,...,...,Tariff,No. Of Tariff Agreement,58
European Union,2021,...,...,Import,No. Of Import partners,209
European Union,2021,...,...,Import,No. Of Import products,4556
European Union,2021,...,...,Export,No. Of Export partners,210
European Union,2021,...,...,Export,No. Of Export products,4556
European Union,2013,...,...,Others,Temporary Trade Barriers in Effect - Weighted Average,1.910953403
European Union,2009,...,...,Others,Overall Trade Restrictiveness Index -  Applied Tariff,0.0556304
European Union,2013,...,...,Others,Temporary Trade Barriers in Effect - Simple Average,2.983339787
European Union,2015,...,...,Others,No Of NTM Affected Products (HS 6 Digit),4886
European Union,2015,...,...,Others,No Of NTM Measures,60
European Union,2009,...,...,Others,Overall Trade Restrictiveness Index - MFN Tariff,0.0967264
European Union,2021,United States,All Products,Export,Partner share(%)-Top 5 Export Partner,18.0047
European Union,2021,United Kingdom,All Products,Export,Partner share(%)-Top 5 Export Partner,12.8704
European Union,2021,China,All Products,Export,Partner share(%)-Top 5 Export Partner,10.1205
European Union,2021,Switzerland,All Products,Export,Partner share(%)-Top 5 Export Partner,7.2086
European Union,2021,Russian Federation,All Products,Export,Partner share(%)-Top 5 Export Partner,4.0513
European Union,2021,China,All Products,Import,Partner share(%)-Top 5 Import Partner,22.27
European Union,2021,United States,All Products,Import,Partner share(%)-Top 5 Import Partner,10.913
European Union,2021,Russian Federation,All Products,Import,Partner share(%)-Top 5 Import Partner,6.9544
European Union,2021,United Kingdom,All Products,Import,Partner share(%)-Top 5 Import Partner,6.762
European Union,2021,Switzerland,All Products,Import,Partner share(%)-Top 5 Import Partner,5.8931
European Union,2021,World,Food Products,Export,Export Product share(%),4.8729
European Union,2021,World,Footwear,Export,Export Product share(%),0.656
European Union,2021,World,Consumer goods,Export,Export Product share(%),36.3447
European Union,2021,World,Fuels,Export,Export Product share(%),4.7939
European Union,2021,World,Metals,Export,Export Product share(%),5.7222
European Union,2021,World,Vegetable,Export,Export Product share(%),2.229
European Union,2021,World,Textiles and Clothing,Export,Export Product share(%),2.6804
European Union,2021,World,Intermediate goods,Export,Export Product share(%),22.3226
European Union,2021,World,Hides and Skins,Export,Export Product share(%),1.0062
European Union,2021,World,Miscellaneous,Export,Export Product share(%),9.285
European Union,2021,World,Chemicals,Export,Export Product share(%),18.3954
European Union,2021,World,Mach and Elec,Export,Export Product share(%),23.5023
European Union,2021,World,Minerals,Export,Export Product share(%),0.5112
European Union,2021,World,Stone and Glass,Export,Export Product share(%),3.3585
European Union,2021,World,Capital goods,Export,Export Product share(%),33.7808
European Union,2021,World,Plastic or Rubber,Export,Export Product share(%),4.3527
European Union,2021,World,Transportation,Export,Export Product share(%),13.8051
European Union,2021,World,Animal,Export,Export Product share(%),1.9747
European Union,2021,World,Wood,Export,Export Product share(%),2.8546
European Union,2021,World,Raw materials,Export,Export Product share(%),4.5506
European Union,2021,World,Intermediate goods,Import,Import Product share(%),21
European Union,2021,World,Consumer goods,Import,Import Product share(%),30.6262
European Union,2021,World,Capital goods,Import,Import Product share(%),28.7035
European Union,2021,World,Raw materials,Import,Import Product share(%),16.652
European Union,2021,World,Consumer goods,Tariff,Weighted Average (%),2.52415246585488
European Union,2021,World,Intermediate goods,Tariff,Weighted Average (%),1.43202521008441
European Union,2021,World,Capital goods,Tariff,Weighted Average (%),0.512788667758618
European Union,2021,World,Raw materials,Tariff,Weighted Average (%),0.667578490549027
European Union,2021,World,All Products,Trade Indicator,World Growth (%),
European Union,2021,World,All Products,Trade Indicator,Country Growth (%),
European Union,2021,World,All Products,Tariff,Simple Average (%),2.24289789357179
European Union,2021,World,All Products,Tariff,Weighted Average (%),1.39170866465765
European Union,2021,World,All Products,Tariff,Maximum Rate (%),275.476013183594
European Union,2021,World,All Products,Tariff,Duty Free Tariff Lines Share (%),64.3074595609743
European Union,2021,...,...,Trade Indicator,Index of export market penetration,
European Union,2021,...,...,Trade Indicator,HH Market concentration index,
