Reporter,Year,Partner,Product categories,Indicator Type,Indicator,Indicator Value
,2021,China,All Products,Export,Trade (US$ Mil)-Top 5 Export Partner,1149440.83847389
,2021,United States,All Products,Export,Trade (US$ Mil)-Top 5 Export Partner,1122462.10111447
,2021,"Hong Kong, China",All Products,Export,Trade (US$ Mil)-Top 5 Export Partner,543399.207639787
,2021,Japan,All Products,Export,Trade (US$ Mil)-Top 5 Export Partner,358186.853018245
,2021,"Korea, Rep.",All Products,Export,Trade (US$ Mil)-Top 5 Export Partner,304398.022950993
,2021,China,All Products,Import,Trade (US$ Mil)-Top 5 Import Partner,1277327.82928848
,2021,United States,All Products,Import,Trade (US$ Mil)-Top 5 Import Partner,509418.345268027
,2021,"Other Asia, nes",All Products,Import,Trade (US$ Mil)-Top 5 Import Partner,495554.096062074
,2021,Japan,All Products,Import,Trade (US$ Mil)-Top 5 Import Partner,444161.653819404
,2021,"Korea, Rep.",All Products,Import,Trade (US$ Mil)-Top 5 Import Partner,420303.658048438
,2021,World,Fuels,Export,Export(US$ Mil),346667.089931945
,2021,World,Metals,Export,Export(US$ Mil),516756.132029636
,2021,World,Plastic or Rubber,Export,Export(US$ Mil),373833.031872463
,2021,World,Transportation,Export,Export(US$ Mil),483474.399820516
,2021,World,Vegetable,Export,Export(US$ Mil),165071.055698491
,2021,World,Textiles and Clothing,Export,Export(US$ Mil),423529.852232413
,2021,World,Intermediate goods,Export,Export(US$ Mil),1400291.50743998
,2021,World,Chemicals,Export,Export(US$ Mil),471712.16492093
,2021,World,Mach and Elec,Export,Export(US$ Mil),3127823.63240846
,2021,World,Animal,Export,Export(US$ Mil),73919.2390276257
,2021,World,Wood,Export,Export(US$ Mil),105190.832650866
,2021,World,Raw materials,Export,Export(US$ Mil),442697.495679137
,2021,World,Hides and Skins,Export,Export(US$ Mil),51075.1038758941
,2021,World,Miscellaneous,Export,Export(US$ Mil),736773.358295377
,2021,World,Minerals,Export,Export(US$ Mil),164880.976157888
,2021,World,Stone and Glass,Export,Export(US$ Mil),275107.411984444
,2021,World,Capital goods,Export,Export(US$ Mil),3396523.21758706
,2021,World,Food Products,Export,Export(US$ Mil),126595.04057282
,2021,World,Footwear,Export,Export(US$ Mil),106493.053048398
,2021,World,Consumer goods,Export,Export(US$ Mil),2176483.05831371
,2021,World,Intermediate goods,Import,Import(US$ Mil),1340701.31621354
,2021,World,Consumer goods,Import,Import(US$ Mil),1377444.02652996
,2021,World,Capital goods,Import,Import(US$ Mil),2682187.44132054
,2021,World,Raw materials,Import,Import(US$ Mil),1304180.87656213
,2021,World,All Products,Export,Exports (in US$ Mil),7548902.37452817
,2021,World,All Products,Import,Imports (in US$ Mil),6748251.40866231
,2021,World,All Products,Tariff,Duty Free Imports (US$ Thousand),4211968415.30175
,2021,...,...,Tariff,No. Of Tariff Agreement,975
,2021,...,...,Import,No. Of Import partners,237
,2021,...,...,Import,No. Of Import products,4556
,2021,...,...,Export,No. Of Export partners,235
,2021,...,...,Export,No. Of Export products,4550
,2018,...,...,Others,Population,2328220870
,2018,...,...,Others,CPIA Trade Ratings,3.9285714286
,2021,China,All Products,Export,Partner share(%)-Top 5 Export Partner,15.2266
,2021,United States,All Products,Export,Partner share(%)-Top 5 Export Partner,14.8692
,2021,"Hong Kong, China",All Products,Export,Partner share(%)-Top 5 Export Partner,7.1984
,2021,Japan,All Products,Export,Partner share(%)-Top 5 Export Partner,4.7449
,2021,"Korea, Rep.",All Products,Export,Partner share(%)-Top 5 Export Partner,4.0323
,2021,China,All Products,Import,Partner share(%)-Top 5 Import Partner,18.9283
,2021,United States,All Products,Import,Partner share(%)-Top 5 Import Partner,7.5489
,2021,"Other Asia, nes",All Products,Import,Partner share(%)-Top 5 Import Partner,7.3434
,2021,Japan,All Products,Import,Partner share(%)-Top 5 Import Partner,6.5819
,2021,"Korea, Rep.",All Products,Import,Partner share(%)-Top 5 Import Partner,6.2283
,2021,World,Animal,Export,Export Product share(%),0.9792
,2021,World,Wood,Export,Export Product share(%),1.3935
,2021,World,Raw materials,Export,Export Product share(%),5.8644
,2021,World,Vegetable,Export,Export Product share(%),2.1867
,2021,World,Textiles and Clothing,Export,Export Product share(%),5.6105
,2021,World,Intermediate goods,Export,Export Product share(%),18.5496
,2021,World,Minerals,Export,Export Product share(%),2.1842
,2021,World,Stone and Glass,Export,Export Product share(%),3.6443
,2021,World,Capital goods,Export,Export Product share(%),44.9936
,2021,World,Fuels,Export,Export Product share(%),4.5923
,2021,World,Metals,Export,Export Product share(%),6.8454
,2021,World,Chemicals,Export,Export Product share(%),6.2488
,2021,World,Mach and Elec,Export,Export Product share(%),41.4342
,2021,World,Plastic or Rubber,Export,Export Product share(%),4.9522
,2021,World,Transportation,Export,Export Product share(%),6.4046
,2021,World,Hides and Skins,Export,Export Product share(%),0.6766
,2021,World,Miscellaneous,Export,Export Product share(%),9.76
,2021,World,Food Products,Export,Export Product share(%),1.677
,2021,World,Footwear,Export,Export Product share(%),1.4107
,2021,World,Consumer goods,Export,Export Product share(%),28.8318
,2021,World,Capital goods,Import,Import Product share(%),39.7464
,2021,World,Raw materials,Import,Import Product share(%),19.3262
,2021,World,Intermediate goods,Import,Import Product share(%),19.8674
,2021,World,Consumer goods,Import,Import Product share(%),20.4119
,2021,World,Intermediate goods,Tariff,Weighted Average (%),1.98840639180717
,2021,World,Consumer goods,Tariff,Weighted Average (%),3.36057743572442
,2021,World,Capital goods,Tariff,Weighted Average (%),0.816406990451555
,2021,World,Raw materials,Tariff,Weighted Average (%),2.677918882722
,2021,World,All Products,Trade Indicator,World Growth (%),
,2021,World,All Products,Trade Indicator,Country Growth (%),
,2021,World,All Products,Tariff,Simple Average (%),4.07738321996224
,2021,World,All Products,Tariff,Weighted Average (%),1.99996445351286
,2021,World,All Products,Tariff,Maximum Rate (%),3000
,2021,World,All Products,Tariff,Duty Free Tariff Lines Share (%),58.4464272649271
,2021,...,...,Trade Indicator,Index of export market penetration,
,2021,...,...,Trade Indicator,HH Market concentration index,
