Reporter,Year,Partner,Product categories,Indicator Type,Indicator,Indicator Value
Eritrea,2003,Fm Sudan,All Products,Export,Trade (US$ Mil)-Top 5 Export Partner,1.292275
Eritrea,2003,Singapore,All Products,Export,Trade (US$ Mil)-Top 5 Export Partner,0.82012
Eritrea,2003,Italy,All Products,Export,Trade (US$ Mil)-Top 5 Export Partner,0.7685
Eritrea,2003,Netherlands,All Products,Export,Trade (US$ Mil)-Top 5 Export Partner,0.688952
Eritrea,2003,India,All Products,Export,Trade (US$ Mil)-Top 5 Export Partner,0.478329
Eritrea,2003,United States,All Products,Import,Trade (US$ Mil)-Top 5 Import Partner,68.954703
Eritrea,2003,United Arab Emirates,All Products,Import,Trade (US$ Mil)-Top 5 Import Partner,53.026542
Eritrea,2003,Italy,All Products,Import,Trade (US$ Mil)-Top 5 Import Partner,50.141245
Eritrea,2003,Saudi Arabia,All Products,Import,Trade (US$ Mil)-Top 5 Import Partner,45.502906
Eritrea,2003,India,All Products,Import,Trade (US$ Mil)-Top 5 Import Partner,27.127185
Eritrea,2003,World,Minerals,Export,Export(US$ Mil),0.017181
Eritrea,2003,World,Stone and Glass,Export,Export(US$ Mil),0.013148
Eritrea,2003,World,Capital goods,Export,Export(US$ Mil),0.050335
Eritrea,2003,World,Fuels,Export,Export(US$ Mil),
Eritrea,2003,World,Metals,Export,Export(US$ Mil),0.18459
Eritrea,2003,World,Vegetable,Export,Export(US$ Mil),1.39241
Eritrea,2003,World,Textiles and Clothing,Export,Export(US$ Mil),0.582134
Eritrea,2003,World,Intermediate goods,Export,Export(US$ Mil),1.843643
Eritrea,2003,World,Food Products,Export,Export(US$ Mil),0.161744
Eritrea,2003,World,Footwear,Export,Export(US$ Mil),0.091804
Eritrea,2003,World,Consumer goods,Export,Export(US$ Mil),0.665486
Eritrea,2003,World,Plastic or Rubber,Export,Export(US$ Mil),0.182561
Eritrea,2003,World,Transportation,Export,Export(US$ Mil),0.193667
Eritrea,2003,World,Chemicals,Export,Export(US$ Mil),0.074847
Eritrea,2003,World,Mach and Elec,Export,Export(US$ Mil),0.049743
Eritrea,2003,World,Hides and Skins,Export,Export(US$ Mil),0.953106
Eritrea,2003,World,Miscellaneous,Export,Export(US$ Mil),0.447855
Eritrea,2003,World,Animal,Export,Export(US$ Mil),2.267446
Eritrea,2003,World,Wood,Export,Export(US$ Mil),0.006518
Eritrea,2003,World,Raw materials,Export,Export(US$ Mil),4.059291
Eritrea,2003,World,Raw materials,Import,Import(US$ Mil),99.184264
Eritrea,2003,World,Intermediate goods,Import,Import(US$ Mil),112.154658
Eritrea,2003,World,Consumer goods,Import,Import(US$ Mil),126.811558
Eritrea,2003,World,Capital goods,Import,Import(US$ Mil),94.6525310000001
Eritrea,2003,World,All Products,Export,Exports (in US$ Mil),6.61876
Eritrea,2003,World,All Products,Import,Imports (in US$ Mil),432.846623
Eritrea,2003,...,...,Import,No. Of Import partners,89
Eritrea,2003,...,...,Import,No. Of Import products,3271
Eritrea,2003,...,...,Export,No. Of Export partners,38
Eritrea,2003,...,...,Export,No. Of Export products,232
Eritrea,2019,...,...,Others,Ease of Doing Business Rank,189
Eritrea,2019,...,...,Others,Trading Across Borders Rank,188
Eritrea,2011,...,...,Others,Population,3213972
Eritrea,2018,...,...,Others,CPIA Trade Ratings,2
Eritrea,2016,...,...,Others,LPI Score,2.171842
Eritrea,2016,...,...,Others,LPI Rank,144
Eritrea,2003,Fm Sudan,All Products,Export,Partner share(%)-Top 5 Export Partner,19.5244
Eritrea,2003,Singapore,All Products,Export,Partner share(%)-Top 5 Export Partner,12.3908
Eritrea,2003,Italy,All Products,Export,Partner share(%)-Top 5 Export Partner,11.6109
Eritrea,2003,Netherlands,All Products,Export,Partner share(%)-Top 5 Export Partner,10.4091
Eritrea,2003,India,All Products,Export,Partner share(%)-Top 5 Export Partner,7.2269
Eritrea,2003,United States,All Products,Import,Partner share(%)-Top 5 Import Partner,15.9305
Eritrea,2003,United Arab Emirates,All Products,Import,Partner share(%)-Top 5 Import Partner,12.2507
Eritrea,2003,Italy,All Products,Import,Partner share(%)-Top 5 Import Partner,11.5841
Eritrea,2003,Saudi Arabia,All Products,Import,Partner share(%)-Top 5 Import Partner,10.5125
Eritrea,2003,India,All Products,Import,Partner share(%)-Top 5 Import Partner,6.2672
Eritrea,2003,World,Vegetable,Export,Export Product share(%),21.0373
Eritrea,2003,World,Textiles and Clothing,Export,Export Product share(%),8.7952
Eritrea,2003,World,Intermediate goods,Export,Export Product share(%),27.8548
Eritrea,2003,World,Food Products,Export,Export Product share(%),2.4437
Eritrea,2003,World,Footwear,Export,Export Product share(%),1.387
Eritrea,2003,World,Consumer goods,Export,Export Product share(%),10.0545
Eritrea,2003,World,Minerals,Export,Export Product share(%),0.2596
Eritrea,2003,World,Stone and Glass,Export,Export Product share(%),0.1986
Eritrea,2003,World,Capital goods,Export,Export Product share(%),0.7605
Eritrea,2003,World,Fuels,Export,Export Product share(%),
Eritrea,2003,World,Metals,Export,Export Product share(%),2.7889
Eritrea,2003,World,Chemicals,Export,Export Product share(%),1.1308
Eritrea,2003,World,Mach and Elec,Export,Export Product share(%),0.7515
Eritrea,2003,World,Hides and Skins,Export,Export Product share(%),14.4001
Eritrea,2003,World,Miscellaneous,Export,Export Product share(%),6.7664
Eritrea,2003,World,Plastic or Rubber,Export,Export Product share(%),2.7582
Eritrea,2003,World,Transportation,Export,Export Product share(%),2.926
Eritrea,2003,World,Animal,Export,Export Product share(%),34.2579
Eritrea,2003,World,Wood,Export,Export Product share(%),0.0985
Eritrea,2003,World,Raw materials,Export,Export Product share(%),61.3301
Eritrea,2003,World,Consumer goods,Import,Import Product share(%),29.2971
Eritrea,2003,World,Intermediate goods,Import,Import Product share(%),25.9109
Eritrea,2003,World,Capital goods,Import,Import Product share(%),21.8675
Eritrea,2003,World,Raw materials,Import,Import Product share(%),22.9144
Eritrea,2003,World,All Products,Trade Indicator,World Growth (%),8.08942685343945
Eritrea,2003,World,All Products,Trade Indicator,Country Growth (%),19.3754100076902
Eritrea,2003,...,...,Trade Indicator,Index of export market penetration,1.20790060308628
Eritrea,2003,...,...,Trade Indicator,HH Market concentration index,0.263992584438375
