Reporter,Year,Partner,Product categories,Indicator Type,Indicator,Indicator Value
"Iran, Islamic Rep.",2018,"Other Asia, nes",All Products,Export,Trade (US$ Mil)-Top 5 Export Partner,41581.5753465
"Iran, Islamic Rep.",2018,Unspecified,All Products,Export,Trade (US$ Mil)-Top 5 Export Partner,11838.95971466
"Iran, Islamic Rep.",2018,China,All Products,Export,Trade (US$ Mil)-Top 5 Export Partner,9217.702138
"Iran, Islamic Rep.",2018,Iraq,All Products,Export,Trade (US$ Mil)-Top 5 Export Partner,8960.694438
"Iran, Islamic Rep.",2018,United Arab Emirates,All Products,Export,Trade (US$ Mil)-Top 5 Export Partner,5949.21974
"Iran, Islamic Rep.",2018,China,All Products,Import,Trade (US$ Mil)-Top 5 Import Partner,10248.562382
"Iran, Islamic Rep.",2018,United Arab Emirates,All Products,Import,Trade (US$ Mil)-Top 5 Import Partner,5706.468412
"Iran, Islamic Rep.",2018,India,All Products,Import,Trade (US$ Mil)-Top 5 Import Partner,2650.200455
"Iran, Islamic Rep.",2018,Turkey,All Products,Import,Trade (US$ Mil)-Top 5 Import Partner,2580.424311
"Iran, Islamic Rep.",2018,Germany,All Products,Import,Trade (US$ Mil)-Top 5 Import Partner,2451.766032
"Iran, Islamic Rep.",2018,World,Fuels,Export,Export(US$ Mil),66366.80198316
"Iran, Islamic Rep.",2018,World,Metals,Export,Export(US$ Mil),5874.026172
"Iran, Islamic Rep.",2018,World,Minerals,Export,Export(US$ Mil),1923.663116
"Iran, Islamic Rep.",2018,World,Stone and Glass,Export,Export(US$ Mil),1134.471056
"Iran, Islamic Rep.",2018,World,Capital goods,Export,Export(US$ Mil),1539.344867
"Iran, Islamic Rep.",2018,World,Food Products,Export,Export(US$ Mil),1710.723702
"Iran, Islamic Rep.",2018,World,Footwear,Export,Export(US$ Mil),117.821793
"Iran, Islamic Rep.",2018,World,Consumer goods,Export,Export(US$ Mil),20944.91288116
"Iran, Islamic Rep.",2018,World,Plastic or Rubber,Export,Export(US$ Mil),5656.4264
"Iran, Islamic Rep.",2018,World,Transportation,Export,Export(US$ Mil),841.621677
"Iran, Islamic Rep.",2018,World,Vegetable,Export,Export(US$ Mil),3507.442494
"Iran, Islamic Rep.",2018,World,Textiles and Clothing,Export,Export(US$ Mil),1129.557698
"Iran, Islamic Rep.",2018,World,Intermediate goods,Export,Export(US$ Mil),18187.936227
"Iran, Islamic Rep.",2018,World,Chemicals,Export,Export(US$ Mil),5981.86674
"Iran, Islamic Rep.",2018,World,Mach and Elec,Export,Export(US$ Mil),761.032941
"Iran, Islamic Rep.",2018,World,Animal,Export,Export(US$ Mil),1096.188349
"Iran, Islamic Rep.",2018,World,Wood,Export,Export(US$ Mil),264.082737
"Iran, Islamic Rep.",2018,World,Raw materials,Export,Export(US$ Mil),55935.947561
"Iran, Islamic Rep.",2018,World,Hides and Skins,Export,Export(US$ Mil),82.977022
"Iran, Islamic Rep.",2018,World,Miscellaneous,Export,Export(US$ Mil),168.817396
"Iran, Islamic Rep.",2018,World,Consumer goods,Import,Import(US$ Mil),7322.876786
"Iran, Islamic Rep.",2018,World,Intermediate goods,Import,Import(US$ Mil),11388.925394
"Iran, Islamic Rep.",2018,World,Raw materials,Import,Import(US$ Mil),6251.117751
"Iran, Islamic Rep.",2018,World,Capital goods,Import,Import(US$ Mil),13489.980141
"Iran, Islamic Rep.",2018,World,All Products,Export,Exports (in US$ Mil),96617.52127616
"Iran, Islamic Rep.",2018,World,All Products,Import,Imports (in US$ Mil),41236.16845
"Iran, Islamic Rep.",2011,World,All Products,Tariff,Duty Free Imports (US$ Thousand),0
"Iran, Islamic Rep.",2011,...,...,Tariff,No. Of Tariff Agreement,1
"Iran, Islamic Rep.",2018,...,...,Import,No. Of Import partners,124
"Iran, Islamic Rep.",2018,...,...,Import,No. Of Import products,3387
"Iran, Islamic Rep.",2018,...,...,Export,No. Of Export partners,148
"Iran, Islamic Rep.",2018,...,...,Export,No. Of Export products,3009
"Iran, Islamic Rep.",2019,...,...,Others,Trading Across Borders Rank,123
"Iran, Islamic Rep.",2018,...,...,Others,Population,81800269
"Iran, Islamic Rep.",2016,...,...,Others,LPI Score,2.601254
"Iran, Islamic Rep.",2016,...,...,Others,LPI Rank,96
"Iran, Islamic Rep.",,...,...,Others,Services Trade Restrictions Index - Over All,63.3
"Iran, Islamic Rep.",2019,...,...,Others,Ease of Doing Business Rank,127
"Iran, Islamic Rep.",2018,"Other Asia, nes",All Products,Export,Partner share(%)-Top 5 Export Partner,43.0373
"Iran, Islamic Rep.",2018,Unspecified,All Products,Export,Partner share(%)-Top 5 Export Partner,12.2534
"Iran, Islamic Rep.",2018,China,All Products,Export,Partner share(%)-Top 5 Export Partner,9.5404
"Iran, Islamic Rep.",2018,Iraq,All Products,Export,Partner share(%)-Top 5 Export Partner,9.2744
"Iran, Islamic Rep.",2018,United Arab Emirates,All Products,Export,Partner share(%)-Top 5 Export Partner,6.1575
"Iran, Islamic Rep.",2018,China,All Products,Import,Partner share(%)-Top 5 Import Partner,24.8533
"Iran, Islamic Rep.",2018,United Arab Emirates,All Products,Import,Partner share(%)-Top 5 Import Partner,13.8385
"Iran, Islamic Rep.",2018,India,All Products,Import,Partner share(%)-Top 5 Import Partner,6.4269
"Iran, Islamic Rep.",2018,Turkey,All Products,Import,Partner share(%)-Top 5 Import Partner,6.2577
"Iran, Islamic Rep.",2018,Germany,All Products,Import,Partner share(%)-Top 5 Import Partner,5.9457
"Iran, Islamic Rep.",2018,World,Minerals,Export,Export Product share(%),1.991
"Iran, Islamic Rep.",2018,World,Stone and Glass,Export,Export Product share(%),1.1742
"Iran, Islamic Rep.",2018,World,Capital goods,Export,Export Product share(%),1.5932
"Iran, Islamic Rep.",2018,World,Food Products,Export,Export Product share(%),1.7706
"Iran, Islamic Rep.",2018,World,Footwear,Export,Export Product share(%),0.1219
"Iran, Islamic Rep.",2018,World,Consumer goods,Export,Export Product share(%),21.6782
"Iran, Islamic Rep.",2018,World,Fuels,Export,Export Product share(%),68.6902
"Iran, Islamic Rep.",2018,World,Metals,Export,Export Product share(%),6.0797
"Iran, Islamic Rep.",2018,World,Chemicals,Export,Export Product share(%),6.1913
"Iran, Islamic Rep.",2018,World,Mach and Elec,Export,Export Product share(%),0.7877
"Iran, Islamic Rep.",2018,World,Hides and Skins,Export,Export Product share(%),0.0859
"Iran, Islamic Rep.",2018,World,Miscellaneous,Export,Export Product share(%),0.1747
"Iran, Islamic Rep.",2018,World,Plastic or Rubber,Export,Export Product share(%),5.8545
"Iran, Islamic Rep.",2018,World,Transportation,Export,Export Product share(%),0.8711
"Iran, Islamic Rep.",2018,World,Animal,Export,Export Product share(%),1.1346
"Iran, Islamic Rep.",2018,World,Wood,Export,Export Product share(%),0.2733
"Iran, Islamic Rep.",2018,World,Raw materials,Export,Export Product share(%),57.8942
"Iran, Islamic Rep.",2018,World,Vegetable,Export,Export Product share(%),3.6302
"Iran, Islamic Rep.",2018,World,Textiles and Clothing,Export,Export Product share(%),1.1691
"Iran, Islamic Rep.",2018,World,Intermediate goods,Export,Export Product share(%),18.8247
"Iran, Islamic Rep.",2018,World,Intermediate goods,Import,Import Product share(%),27.6188
"Iran, Islamic Rep.",2018,World,Consumer goods,Import,Import Product share(%),17.7584
"Iran, Islamic Rep.",2018,World,Raw materials,Import,Import Product share(%),15.1593
"Iran, Islamic Rep.",2018,World,Capital goods,Import,Import Product share(%),32.714
"Iran, Islamic Rep.",2011,World,Consumer goods,Tariff,Weighted Average (%),34.062659124985
"Iran, Islamic Rep.",2011,World,Intermediate goods,Tariff,Weighted Average (%),9.15539122728634
"Iran, Islamic Rep.",2011,World,Capital goods,Tariff,Weighted Average (%),14.9714246890744
"Iran, Islamic Rep.",2011,World,Raw materials,Tariff,Weighted Average (%),6.7497756580804
"Iran, Islamic Rep.",2018,World,All Products,Trade Indicator,World Growth (%),4.83141798213382
"Iran, Islamic Rep.",2018,World,All Products,Trade Indicator,Country Growth (%),6.0294283586352
"Iran, Islamic Rep.",2011,World,All Products,Tariff,Simple Average (%),20.9225066770141
"Iran, Islamic Rep.",2011,World,All Products,Tariff,Weighted Average (%),15.2297846894528
"Iran, Islamic Rep.",2011,World,All Products,Tariff,Maximum Rate (%),200
"Iran, Islamic Rep.",2011,World,All Products,Tariff,Duty Free Tariff Lines Share (%),0
"Iran, Islamic Rep.",2018,...,...,Trade Indicator,Index of export market penetration,4.44397079113842
"Iran, Islamic Rep.",2018,...,...,Trade Indicator,HH Market concentration index,0.141430462488883
