Reporter,Year,Partner,Product categories,Indicator Type,Indicator,Indicator Value
St. Kitts and Nevis,2017,United States,All Products,Export,Trade (US$ Mil)-Top 5 Export Partner,22.8329749040393
St. Kitts and Nevis,2017,St. Lucia,All Products,Export,Trade (US$ Mil)-Top 5 Export Partner,2.2662808263095
St. Kitts and Nevis,2017,Trinidad and Tobago,All Products,Export,Trade (US$ Mil)-Top 5 Export Partner,2.1702581667767
St. Kitts and Nevis,2017,Antigua and Barbuda,All Products,Export,Trade (US$ Mil)-Top 5 Export Partner,0.932729178381
St. Kitts and Nevis,2017,Unspecified,All Products,Export,Trade (US$ Mil)-Top 5 Export Partner,0.7580193493873
St. Kitts and Nevis,2017,United States,All Products,Import,Trade (US$ Mil)-Top 5 Import Partner,207.145403258093
St. Kitts and Nevis,2017,Trinidad and Tobago,All Products,Import,Trade (US$ Mil)-Top 5 Import Partner,13.6157266990745
St. Kitts and Nevis,2017,Canada,All Products,Import,Trade (US$ Mil)-Top 5 Import Partner,8.2821197400942
St. Kitts and Nevis,2017,Japan,All Products,Import,Trade (US$ Mil)-Top 5 Import Partner,8.2090490464983
St. Kitts and Nevis,2017,China,All Products,Import,Trade (US$ Mil)-Top 5 Import Partner,7.9112602813244
St. Kitts and Nevis,2017,World,Plastic or Rubber,Export,Export(US$ Mil),0.268187176257
St. Kitts and Nevis,2017,World,Transportation,Export,Export(US$ Mil),0.3051066393375
St. Kitts and Nevis,2017,World,Chemicals,Export,Export(US$ Mil),0.0676658175193
St. Kitts and Nevis,2017,World,Mach and Elec,Export,Export(US$ Mil),19.4350655315817
St. Kitts and Nevis,2017,World,Minerals,Export,Export(US$ Mil),0.0771860561472
St. Kitts and Nevis,2017,World,Stone and Glass,Export,Export(US$ Mil),1.9970965843829
St. Kitts and Nevis,2017,World,Capital goods,Export,Export(US$ Mil),19.6419704802321
St. Kitts and Nevis,2017,World,Hides and Skins,Export,Export(US$ Mil),0.002094960868
St. Kitts and Nevis,2017,World,Miscellaneous,Export,Export(US$ Mil),0.8074641443869
St. Kitts and Nevis,2017,World,Food Products,Export,Export(US$ Mil),3.319799680197
St. Kitts and Nevis,2017,World,Footwear,Export,Export(US$ Mil),0.0017476908449
St. Kitts and Nevis,2017,World,Consumer goods,Export,Export(US$ Mil),11.3967352773274
St. Kitts and Nevis,2017,World,Animal,Export,Export(US$ Mil),0.3315575128866
St. Kitts and Nevis,2017,World,Wood,Export,Export(US$ Mil),3.8819569476688
St. Kitts and Nevis,2017,World,Raw materials,Export,Export(US$ Mil),0.4642231061468
St. Kitts and Nevis,2017,World,Fuels,Export,Export(US$ Mil),0.0770339118549
St. Kitts and Nevis,2017,World,Metals,Export,Export(US$ Mil),2.157357064863
St. Kitts and Nevis,2017,World,Vegetable,Export,Export(US$ Mil),0.1003696959265
St. Kitts and Nevis,2017,World,Textiles and Clothing,Export,Export(US$ Mil),0.4159548136744
St. Kitts and Nevis,2017,World,Intermediate goods,Export,Export(US$ Mil),1.7427153646903
St. Kitts and Nevis,2017,World,Consumer goods,Import,Import(US$ Mil),180.916447798186
St. Kitts and Nevis,2017,World,Capital goods,Import,Import(US$ Mil),60.4792804762146
St. Kitts and Nevis,2017,World,Intermediate goods,Import,Import(US$ Mil),39.8586952857093
St. Kitts and Nevis,2017,World,Raw materials,Import,Import(US$ Mil),27.6924259334723
St. Kitts and Nevis,2017,World,All Products,Export,Exports (in US$ Mil),33.2456442283966
St. Kitts and Nevis,2017,World,All Products,Import,Imports (in US$ Mil),308.946849493582
St. Kitts and Nevis,2017,World,All Products,Tariff,Duty Free Imports (US$ Thousand),55426.3222736223
St. Kitts and Nevis,2017,...,...,Tariff,No. Of Tariff Agreement,5
St. Kitts and Nevis,2017,...,...,Import,No. Of Import partners,126
St. Kitts and Nevis,2017,...,...,Import,No. Of Import products,2961
St. Kitts and Nevis,2017,...,...,Export,No. Of Export partners,39
St. Kitts and Nevis,2017,...,...,Export,No. Of Export products,425
St. Kitts and Nevis,2018,...,...,Others,Population,52441
St. Kitts and Nevis,2019,...,...,Others,Ease of Doing Business Rank,139
St. Kitts and Nevis,2009,...,...,Others,Overall Trade Restrictiveness Index - MFN Tariff,0.1557125
St. Kitts and Nevis,2019,...,...,Others,Trading Across Borders Rank,71
St. Kitts and Nevis,2009,...,...,Others,Overall Trade Restrictiveness Index -  Applied Tariff,0.1557126
St. Kitts and Nevis,2017,United States,All Products,Export,Partner share(%)-Top 5 Export Partner,68.6796
St. Kitts and Nevis,2017,St. Lucia,All Products,Export,Partner share(%)-Top 5 Export Partner,6.8168
St. Kitts and Nevis,2017,Trinidad and Tobago,All Products,Export,Partner share(%)-Top 5 Export Partner,6.5279
St. Kitts and Nevis,2017,Antigua and Barbuda,All Products,Export,Partner share(%)-Top 5 Export Partner,2.8056
St. Kitts and Nevis,2017,Unspecified,All Products,Export,Partner share(%)-Top 5 Export Partner,2.2801
St. Kitts and Nevis,2017,United States,All Products,Import,Partner share(%)-Top 5 Import Partner,67.0489
St. Kitts and Nevis,2017,Trinidad and Tobago,All Products,Import,Partner share(%)-Top 5 Import Partner,4.4071
St. Kitts and Nevis,2017,Canada,All Products,Import,Partner share(%)-Top 5 Import Partner,2.6808
St. Kitts and Nevis,2017,Japan,All Products,Import,Partner share(%)-Top 5 Import Partner,2.6571
St. Kitts and Nevis,2017,China,All Products,Import,Partner share(%)-Top 5 Import Partner,2.5607
St. Kitts and Nevis,2017,World,Food Products,Export,Export Product share(%),9.9857
St. Kitts and Nevis,2017,World,Footwear,Export,Export Product share(%),0.0053
St. Kitts and Nevis,2017,World,Consumer goods,Export,Export Product share(%),34.2804
St. Kitts and Nevis,2017,World,Minerals,Export,Export Product share(%),0.2322
St. Kitts and Nevis,2017,World,Stone and Glass,Export,Export Product share(%),6.0071
St. Kitts and Nevis,2017,World,Capital goods,Export,Export Product share(%),59.0813
St. Kitts and Nevis,2017,World,Vegetable,Export,Export Product share(%),0.3019
St. Kitts and Nevis,2017,World,Textiles and Clothing,Export,Export Product share(%),1.2512
St. Kitts and Nevis,2017,World,Intermediate goods,Export,Export Product share(%),5.2419
St. Kitts and Nevis,2017,World,Animal,Export,Export Product share(%),0.9973
St. Kitts and Nevis,2017,World,Wood,Export,Export Product share(%),11.6766
St. Kitts and Nevis,2017,World,Raw materials,Export,Export Product share(%),1.3963
St. Kitts and Nevis,2017,World,Fuels,Export,Export Product share(%),0.2317
St. Kitts and Nevis,2017,World,Metals,Export,Export Product share(%),6.4891
St. Kitts and Nevis,2017,World,Hides and Skins,Export,Export Product share(%),0.0063
St. Kitts and Nevis,2017,World,Miscellaneous,Export,Export Product share(%),2.4288
St. Kitts and Nevis,2017,World,Plastic or Rubber,Export,Export Product share(%),0.8067
St. Kitts and Nevis,2017,World,Transportation,Export,Export Product share(%),0.9177
St. Kitts and Nevis,2017,World,Chemicals,Export,Export Product share(%),0.2035
St. Kitts and Nevis,2017,World,Mach and Elec,Export,Export Product share(%),58.459
St. Kitts and Nevis,2017,World,Consumer goods,Import,Import Product share(%),58.5591
St. Kitts and Nevis,2017,World,Intermediate goods,Import,Import Product share(%),12.9015
St. Kitts and Nevis,2017,World,Capital goods,Import,Import Product share(%),19.5759
St. Kitts and Nevis,2017,World,Raw materials,Import,Import Product share(%),8.9635
St. Kitts and Nevis,2017,World,Intermediate goods,Tariff,Weighted Average (%),6.34341466215454
St. Kitts and Nevis,2017,World,Consumer goods,Tariff,Weighted Average (%),30.6237122101688
St. Kitts and Nevis,2017,World,Capital goods,Tariff,Weighted Average (%),8.1797176294093
St. Kitts and Nevis,2017,World,Raw materials,Tariff,Weighted Average (%),8.00040438419668
St. Kitts and Nevis,2017,World,All Products,Trade Indicator,World Growth (%),5.559409476465
St. Kitts and Nevis,2017,World,All Products,Trade Indicator,Country Growth (%),-2.58534270742585
St. Kitts and Nevis,2017,World,All Products,Tariff,Simple Average (%),13.5414130698462
St. Kitts and Nevis,2017,World,All Products,Tariff,Weighted Average (%),21.0823000922064
St. Kitts and Nevis,2017,World,All Products,Tariff,Maximum Rate (%),3000
St. Kitts and Nevis,2017,World,All Products,Tariff,Duty Free Tariff Lines Share (%),25.8873195392714
St. Kitts and Nevis,2017,...,...,Trade Indicator,Index of export market penetration,1.32567980146048
St. Kitts and Nevis,2017,...,...,Trade Indicator,HH Market concentration index,0.377473185307165
