Reporter,Year,Partner,Product categories,Indicator Type,Indicator,Indicator Value
Cambodia,2021,United States,All Products,Export,Trade (US$ Mil)-Top 5 Export Partner,7490.96976711
Cambodia,2021,China,All Products,Export,Trade (US$ Mil)-Top 5 Export Partner,1510.25315351
Cambodia,2021,Japan,All Products,Export,Trade (US$ Mil)-Top 5 Export Partner,1093.62836082
Cambodia,2021,Canada,All Products,Export,Trade (US$ Mil)-Top 5 Export Partner,954.82778885
Cambodia,2021,Germany,All Products,Export,Trade (US$ Mil)-Top 5 Export Partner,880.781827180001
Cambodia,2021,China,All Products,Import,Trade (US$ Mil)-Top 5 Import Partner,9684.34639990001
Cambodia,2021,Singapore,All Products,Import,Trade (US$ Mil)-Top 5 Import Partner,5096.98181208
Cambodia,2021,Thailand,All Products,Import,Trade (US$ Mil)-Top 5 Import Partner,3463.34513825001
Cambodia,2021,Vietnam,All Products,Import,Trade (US$ Mil)-Top 5 Import Partner,3143.53491788
Cambodia,2021,"Other Asia, nes",All Products,Import,Trade (US$ Mil)-Top 5 Import Partner,980.280742149999
Cambodia,2021,World,Animal,Export,Export(US$ Mil),2.2525303
Cambodia,2021,World,Wood,Export,Export(US$ Mil),361.08885261
Cambodia,2021,World,Raw materials,Export,Export(US$ Mil),674.02626546
Cambodia,2021,World,Vegetable,Export,Export(US$ Mil),743.81012535
Cambodia,2021,World,Textiles and Clothing,Export,Export(US$ Mil),8357.91630556
Cambodia,2021,World,Intermediate goods,Export,Export(US$ Mil),1509.78026586
Cambodia,2021,World,Hides and Skins,Export,Export(US$ Mil),2080.85388329
Cambodia,2021,World,Miscellaneous,Export,Export(US$ Mil),992.96793453
Cambodia,2021,World,Chemicals,Export,Export(US$ Mil),92.02144089
Cambodia,2021,World,Mach and Elec,Export,Export(US$ Mil),1283.20841687
Cambodia,2021,World,Minerals,Export,Export(US$ Mil),12.74534646
Cambodia,2021,World,Stone and Glass,Export,Export(US$ Mil),175.11781749
Cambodia,2021,World,Capital goods,Export,Export(US$ Mil),842.09368417
Cambodia,2021,World,Plastic or Rubber,Export,Export(US$ Mil),834.82986475
Cambodia,2021,World,Transportation,Export,Export(US$ Mil),700.87854634
Cambodia,2021,World,Fuels,Export,Export(US$ Mil),0.0027144
Cambodia,2021,World,Metals,Export,Export(US$ Mil),265.16033982
Cambodia,2021,World,Food Products,Export,Export(US$ Mil),176.65655345
Cambodia,2021,World,Footwear,Export,Export(US$ Mil),1492.27200037
Cambodia,2021,World,Consumer goods,Export,Export(US$ Mil),14544.2947926
Cambodia,2021,World,Consumer goods,Import,Import(US$ Mil),6877.74239283999
Cambodia,2021,World,Capital goods,Import,Import(US$ Mil),3390.00262979
Cambodia,2021,World,Raw materials,Import,Import(US$ Mil),1241.92361494
Cambodia,2021,World,Intermediate goods,Import,Import(US$ Mil),17183.96481169
Cambodia,2021,World,All Products,Export,Exports (in US$ Mil),17571.78267248
Cambodia,2021,World,All Products,Import,Imports (in US$ Mil),28702.76526656
Cambodia,2021,World,All Products,Tariff,Duty Free Imports (US$ Thousand),8148075.3995
Cambodia,2021,...,...,Tariff,No. Of Tariff Agreement,5
Cambodia,2021,...,...,Import,No. Of Import partners,145
Cambodia,2021,...,...,Import,No. Of Import products,3585
Cambodia,2021,...,...,Export,No. Of Export partners,154
Cambodia,2021,...,...,Export,No. Of Export products,1253
Cambodia,2019,...,...,Others,Trading Across Borders Rank,118
Cambodia,2018,...,...,Others,Population,16249798
Cambodia,2018,...,...,Others,CPIA Trade Ratings,4.5
Cambodia,2016,...,...,Others,LPI Score,2.80059
Cambodia,2016,...,...,Others,LPI Rank,73
Cambodia,2019,...,...,Others,Ease of Doing Business Rank,144
Cambodia,2015,...,...,Others,No Of NTM Affected Products (HS 6 Digit),5205
Cambodia,2015,...,...,Others,No Of NTM Measures,49
Cambodia,,...,...,Others,Services Trade Restrictions Index - Over All,23.7
Cambodia,2021,United States,All Products,Export,Partner share(%)-Top 5 Export Partner,42.6307
Cambodia,2021,China,All Products,Export,Partner share(%)-Top 5 Export Partner,8.5948
Cambodia,2021,Japan,All Products,Export,Partner share(%)-Top 5 Export Partner,6.2238
Cambodia,2021,Canada,All Products,Export,Partner share(%)-Top 5 Export Partner,5.4339
Cambodia,2021,Germany,All Products,Export,Partner share(%)-Top 5 Export Partner,5.0125
Cambodia,2021,China,All Products,Import,Partner share(%)-Top 5 Import Partner,33.7401
Cambodia,2021,Singapore,All Products,Import,Partner share(%)-Top 5 Import Partner,17.7578
Cambodia,2021,Thailand,All Products,Import,Partner share(%)-Top 5 Import Partner,12.0662
Cambodia,2021,Vietnam,All Products,Import,Partner share(%)-Top 5 Import Partner,10.952
Cambodia,2021,"Other Asia, nes",All Products,Import,Partner share(%)-Top 5 Import Partner,3.4153
Cambodia,2021,World,Vegetable,Export,Export Product share(%),4.233
Cambodia,2021,World,Textiles and Clothing,Export,Export Product share(%),47.5644
Cambodia,2021,World,Intermediate goods,Export,Export Product share(%),8.5921
Cambodia,2021,World,Minerals,Export,Export Product share(%),0.0725
Cambodia,2021,World,Stone and Glass,Export,Export Product share(%),0.9966
Cambodia,2021,World,Capital goods,Export,Export Product share(%),4.7923
Cambodia,2021,World,Fuels,Export,Export Product share(%),0
Cambodia,2021,World,Metals,Export,Export Product share(%),1.509
Cambodia,2021,World,Animal,Export,Export Product share(%),0.0128
Cambodia,2021,World,Wood,Export,Export Product share(%),2.0549
Cambodia,2021,World,Raw materials,Export,Export Product share(%),3.8358
Cambodia,2021,World,Chemicals,Export,Export Product share(%),0.5237
Cambodia,2021,World,Mach and Elec,Export,Export Product share(%),7.3027
Cambodia,2021,World,Hides and Skins,Export,Export Product share(%),11.842
Cambodia,2021,World,Miscellaneous,Export,Export Product share(%),5.6509
Cambodia,2021,World,Plastic or Rubber,Export,Export Product share(%),4.751
Cambodia,2021,World,Transportation,Export,Export Product share(%),3.9887
Cambodia,2021,World,Food Products,Export,Export Product share(%),1.0053
Cambodia,2021,World,Footwear,Export,Export Product share(%),8.4924
Cambodia,2021,World,Consumer goods,Export,Export Product share(%),82.7707
Cambodia,2021,World,Intermediate goods,Import,Import Product share(%),59.8687
Cambodia,2021,World,Capital goods,Import,Import Product share(%),11.8107
Cambodia,2021,World,Consumer goods,Import,Import Product share(%),23.962
Cambodia,2021,World,Raw materials,Import,Import Product share(%),4.3268
Cambodia,2021,World,Intermediate goods,Tariff,Weighted Average (%),3.82400486734073
Cambodia,2021,World,Capital goods,Tariff,Weighted Average (%),7.75282255327669
Cambodia,2021,World,Consumer goods,Tariff,Weighted Average (%),6.49301485633215
Cambodia,2021,World,Raw materials,Tariff,Weighted Average (%),5.06846872724292
Cambodia,2021,World,All Products,Trade Indicator,World Growth (%),12.5883765814344
Cambodia,2021,World,All Products,Trade Indicator,Country Growth (%),8.64688084628553
Cambodia,2021,World,All Products,Tariff,Simple Average (%),7.71846370670889
Cambodia,2021,World,All Products,Tariff,Weighted Average (%),5.36935131742924
Cambodia,2021,World,All Products,Tariff,Maximum Rate (%),35
Cambodia,2021,World,All Products,Tariff,Duty Free Tariff Lines Share (%),40.5904254614355
Cambodia,2021,...,...,Trade Indicator,Index of export market penetration,6.64978345445203
Cambodia,2021,...,...,Trade Indicator,HH Market concentration index,0.137416353618938
