Reporter,Year,Partner,Product categories,Indicator Type,Indicator,Indicator Value
Panama,2021,China,All Products,Export,Trade (US$ Mil)-Top 5 Export Partner,1199.247558
Panama,2021,Japan,All Products,Export,Trade (US$ Mil)-Top 5 Export Partner,497.323111
Panama,2021,"Korea, Rep.",All Products,Export,Trade (US$ Mil)-Top 5 Export Partner,386.706817
Panama,2021,Spain,All Products,Export,Trade (US$ Mil)-Top 5 Export Partner,328.220306
Panama,2021,India,All Products,Export,Trade (US$ Mil)-Top 5 Export Partner,191.550008
Panama,2021,United States,All Products,Import,Trade (US$ Mil)-Top 5 Import Partner,3395.263358
Panama,2021,Free Zones,All Products,Import,Trade (US$ Mil)-Top 5 Import Partner,3051.963842
Panama,2021,China,All Products,Import,Trade (US$ Mil)-Top 5 Import Partner,1578.194528
Panama,2021,Mexico,All Products,Import,Trade (US$ Mil)-Top 5 Import Partner,649.675675
Panama,2021,Costa Rica,All Products,Import,Trade (US$ Mil)-Top 5 Import Partner,536.725286
Panama,2021,World,Food Products,Export,Export(US$ Mil),89.148876
Panama,2021,World,Footwear,Export,Export(US$ Mil),0.049364
Panama,2021,World,Consumer goods,Export,Export(US$ Mil),147.128364
Panama,2021,World,Vegetable,Export,Export(US$ Mil),294.78908
Panama,2021,World,Textiles and Clothing,Export,Export(US$ Mil),5.8943
Panama,2021,World,Intermediate goods,Export,Export(US$ Mil),176.128968
Panama,2021,World,Plastic or Rubber,Export,Export(US$ Mil),8.296916
Panama,2021,World,Transportation,Export,Export(US$ Mil),
Panama,2021,World,Minerals,Export,Export(US$ Mil),2946.627959
Panama,2021,World,Stone and Glass,Export,Export(US$ Mil),20.9343
Panama,2021,World,Capital goods,Export,Export(US$ Mil),13.957004
Panama,2021,World,Animal,Export,Export(US$ Mil),166.592217
Panama,2021,World,Wood,Export,Export(US$ Mil),74.523227
Panama,2021,World,Raw materials,Export,Export(US$ Mil),3444.708315
Panama,2021,World,Chemicals,Export,Export(US$ Mil),52.438365
Panama,2021,World,Mach and Elec,Export,Export(US$ Mil),
Panama,2021,World,Fuels,Export,Export(US$ Mil),6.921918
Panama,2021,World,Metals,Export,Export(US$ Mil),110.100225
Panama,2021,World,Hides and Skins,Export,Export(US$ Mil),4.224319
Panama,2021,World,Miscellaneous,Export,Export(US$ Mil),1.381585
Panama,2021,World,Intermediate goods,Import,Import(US$ Mil),1773.856568
Panama,2021,World,Consumer goods,Import,Import(US$ Mil),8529.694277
Panama,2021,World,Capital goods,Import,Import(US$ Mil),2298.495056
Panama,2021,World,Raw materials,Import,Import(US$ Mil),702.382821
Panama,2021,World,All Products,Export,Exports (in US$ Mil),3781.922651
Panama,2021,World,All Products,Import,Imports (in US$ Mil),13312.799623
Panama,2021,World,All Products,Tariff,Duty Free Imports (US$ Thousand),4275754.564
Panama,2021,...,...,Tariff,No. Of Tariff Agreement,1
Panama,2021,...,...,Import,No. Of Import partners,105
Panama,2021,...,...,Import,No. Of Import products,3743
Panama,2021,...,...,Export,No. Of Export partners,99
Panama,2021,...,...,Export,No. Of Export products,379
Panama,2018,...,...,Others,Population,4176873
Panama,2016,...,...,Others,LPI Score,3.337843
Panama,2019,...,...,Others,Trading Across Borders Rank,59
Panama,2009,...,...,Others,Overall Trade Restrictiveness Index -  Applied Tariff,0.0749899
Panama,2019,...,...,Others,Ease of Doing Business Rank,86
Panama,2014,...,...,Others,No Of NTM Affected Products (HS 6 Digit),1211
Panama,2014,...,...,Others,No Of NTM Measures,46
Panama,2009,...,...,Others,Overall Trade Restrictiveness Index - MFN Tariff,0.0749899
Panama,,...,...,Others,Services Trade Restrictions Index - Over All,47.8
Panama,2016,...,...,Others,LPI Rank,40
Panama,2021,China,All Products,Export,Partner share(%)-Top 5 Export Partner,31.71
Panama,2021,Japan,All Products,Export,Partner share(%)-Top 5 Export Partner,13.15
Panama,2021,"Korea, Rep.",All Products,Export,Partner share(%)-Top 5 Export Partner,10.2251
Panama,2021,Spain,All Products,Export,Partner share(%)-Top 5 Export Partner,8.6787
Panama,2021,India,All Products,Export,Partner share(%)-Top 5 Export Partner,5.0649
Panama,2021,United States,All Products,Import,Partner share(%)-Top 5 Import Partner,25.5038
Panama,2021,Free Zones,All Products,Import,Partner share(%)-Top 5 Import Partner,22.925
Panama,2021,China,All Products,Import,Partner share(%)-Top 5 Import Partner,11.8547
Panama,2021,Mexico,All Products,Import,Partner share(%)-Top 5 Import Partner,4.8801
Panama,2021,Costa Rica,All Products,Import,Partner share(%)-Top 5 Import Partner,4.0316
Panama,2021,World,Food Products,Export,Export Product share(%),2.3572
Panama,2021,World,Footwear,Export,Export Product share(%),0.0013
Panama,2021,World,Consumer goods,Export,Export Product share(%),3.8903
Panama,2021,World,Vegetable,Export,Export Product share(%),7.7947
Panama,2021,World,Textiles and Clothing,Export,Export Product share(%),0.1559
Panama,2021,World,Intermediate goods,Export,Export Product share(%),4.6571
Panama,2021,World,Fuels,Export,Export Product share(%),0.183
Panama,2021,World,Metals,Export,Export Product share(%),2.9112
Panama,2021,World,Plastic or Rubber,Export,Export Product share(%),0.2194
Panama,2021,World,Transportation,Export,Export Product share(%),
Panama,2021,World,Minerals,Export,Export Product share(%),77.9135
Panama,2021,World,Stone and Glass,Export,Export Product share(%),0.5535
Panama,2021,World,Capital goods,Export,Export Product share(%),0.369
Panama,2021,World,Chemicals,Export,Export Product share(%),1.3866
Panama,2021,World,Mach and Elec,Export,Export Product share(%),
Panama,2021,World,Animal,Export,Export Product share(%),4.405
Panama,2021,World,Wood,Export,Export Product share(%),1.9705
Panama,2021,World,Raw materials,Export,Export Product share(%),91.0835
Panama,2021,World,Hides and Skins,Export,Export Product share(%),0.1117
Panama,2021,World,Miscellaneous,Export,Export Product share(%),0.0365
Panama,2021,World,Intermediate goods,Import,Import Product share(%),13.3244
Panama,2021,World,Consumer goods,Import,Import Product share(%),64.0714
Panama,2021,World,Capital goods,Import,Import Product share(%),17.2653
Panama,2021,World,Raw materials,Import,Import Product share(%),5.276
Panama,2021,World,Consumer goods,Tariff,Weighted Average (%),7.27503977096021
Panama,2021,World,Intermediate goods,Tariff,Weighted Average (%),4.49167245941575
Panama,2021,World,Capital goods,Tariff,Weighted Average (%),2.32158390515969
Panama,2021,World,Raw materials,Tariff,Weighted Average (%),18.4560919443032
Panama,2021,World,All Products,Trade Indicator,World Growth (%),12.5883765814344
Panama,2021,World,All Products,Trade Indicator,Country Growth (%),19.6135212457274
Panama,2021,World,All Products,Tariff,Simple Average (%),5.98696462901573
Panama,2021,World,All Products,Tariff,Weighted Average (%),6.42605363686605
Panama,2021,World,All Products,Tariff,Maximum Rate (%),260
Panama,2021,World,All Products,Tariff,Duty Free Tariff Lines Share (%),33.3849182640038
Panama,2021,...,...,Trade Indicator,Index of export market penetration,4.70247704248185
Panama,2021,...,...,Trade Indicator,HH Market concentration index,0.0619147597449052
