Reporter,Year,Partner,Product categories,Indicator Type,Indicator,Indicator Value
Slovak Republic,2021,Germany,All Products,Export,Trade (US$ Mil)-Top 5 Export Partner,22734.001897358
Slovak Republic,2021,Czech Republic,All Products,Export,Trade (US$ Mil)-Top 5 Export Partner,12128.232013276
Slovak Republic,2021,Poland,All Products,Export,Trade (US$ Mil)-Top 5 Export Partner,8702.180956776
Slovak Republic,2021,Hungary,All Products,Export,Trade (US$ Mil)-Top 5 Export Partner,7582.896787426
Slovak Republic,2021,France,All Products,Export,Trade (US$ Mil)-Top 5 Export Partner,6740.379337349
Slovak Republic,2021,Germany,All Products,Import,Trade (US$ Mil)-Top 5 Import Partner,20073.857647506
Slovak Republic,2021,Czech Republic,All Products,Import,Trade (US$ Mil)-Top 5 Import Partner,10267.702833308
Slovak Republic,2021,Unspecified,All Products,Import,Trade (US$ Mil)-Top 5 Import Partner,9263.62008111
Slovak Republic,2021,China,All Products,Import,Trade (US$ Mil)-Top 5 Import Partner,7656.037877531
Slovak Republic,2021,Russian Federation,All Products,Import,Trade (US$ Mil)-Top 5 Import Partner,6587.112162532
Slovak Republic,2021,World,Food Products,Export,Export(US$ Mil),1983.408807648
Slovak Republic,2021,World,Footwear,Export,Export(US$ Mil),1068.61337339
Slovak Republic,2021,World,Consumer goods,Export,Export(US$ Mil),53215.234851999
Slovak Republic,2021,World,Minerals,Export,Export(US$ Mil),425.07472902
Slovak Republic,2021,World,Stone and Glass,Export,Export(US$ Mil),1204.339685038
Slovak Republic,2021,World,Capital goods,Export,Export(US$ Mil),30570.862489039
Slovak Republic,2021,World,Chemicals,Export,Export(US$ Mil),2754.578006779
Slovak Republic,2021,World,Mach and Elec,Export,Export(US$ Mil),30504.829844423
Slovak Republic,2021,World,Fuels,Export,Export(US$ Mil),3351.559687372
Slovak Republic,2021,World,Metals,Export,Export(US$ Mil),11743.479175833
Slovak Republic,2021,World,Vegetable,Export,Export(US$ Mil),1606.448729135
Slovak Republic,2021,World,Textiles and Clothing,Export,Export(US$ Mil),1987.630567251
Slovak Republic,2021,World,Intermediate goods,Export,Export(US$ Mil),17758.356676157
Slovak Republic,2021,World,Plastic or Rubber,Export,Export(US$ Mil),5861.75789838
Slovak Republic,2021,World,Transportation,Export,Export(US$ Mil),34178.839160292
Slovak Republic,2021,World,Hides and Skins,Export,Export(US$ Mil),268.257142838
Slovak Republic,2021,World,Miscellaneous,Export,Export(US$ Mil),3858.018630463
Slovak Republic,2021,World,Animal,Export,Export(US$ Mil),710.568754207
Slovak Republic,2021,World,Wood,Export,Export(US$ Mil),3225.916689855
Slovak Republic,2021,World,Raw materials,Export,Export(US$ Mil),3058.558260641
Slovak Republic,2021,World,Consumer goods,Import,Import(US$ Mil),33212.812599772
Slovak Republic,2021,World,Capital goods,Import,Import(US$ Mil),45202.5260088129
Slovak Republic,2021,World,Intermediate goods,Import,Import(US$ Mil),19046.538263493
Slovak Republic,2021,World,Raw materials,Import,Import(US$ Mil),7379.626394314
Slovak Republic,2021,World,All Products,Export,Exports (in US$ Mil),104733.320881922
Slovak Republic,2021,World,All Products,Import,Imports (in US$ Mil),105141.762064531
Slovak Republic,2021,World,All Products,Tariff,Duty Free Imports (US$ Thousand),30667310.0482138
Slovak Republic,2021,...,...,Tariff,No. Of Tariff Agreement,
Slovak Republic,2021,...,...,Import,No. Of Import partners,227
Slovak Republic,2021,...,...,Import,No. Of Import products,4396
Slovak Republic,2021,...,...,Export,No. Of Export partners,199
Slovak Republic,2021,...,...,Export,No. Of Export products,4006
Slovak Republic,2019,...,...,Others,Ease of Doing Business Rank,45
Slovak Republic,2019,...,...,Others,Trading Across Borders Rank,1
Slovak Republic,2018,...,...,Others,Population,5447011
Slovak Republic,2016,...,...,Others,LPI Score,3.336895
Slovak Republic,2016,...,...,Others,LPI Rank,41
Slovak Republic,2021,Germany,All Products,Export,Partner share(%)-Top 5 Export Partner,21.7066
Slovak Republic,2021,Czech Republic,All Products,Export,Partner share(%)-Top 5 Export Partner,11.5801
Slovak Republic,2021,Poland,All Products,Export,Partner share(%)-Top 5 Export Partner,8.3089
Slovak Republic,2021,Hungary,All Products,Export,Partner share(%)-Top 5 Export Partner,7.2402
Slovak Republic,2021,France,All Products,Export,Partner share(%)-Top 5 Export Partner,6.4358
Slovak Republic,2021,Germany,All Products,Import,Partner share(%)-Top 5 Import Partner,19.0922
Slovak Republic,2021,Czech Republic,All Products,Import,Partner share(%)-Top 5 Import Partner,9.7656
Slovak Republic,2021,Unspecified,All Products,Import,Partner share(%)-Top 5 Import Partner,8.8106
Slovak Republic,2021,China,All Products,Import,Partner share(%)-Top 5 Import Partner,7.2816
Slovak Republic,2021,Russian Federation,All Products,Import,Partner share(%)-Top 5 Import Partner,6.265
Slovak Republic,2021,World,Vegetable,Export,Export Product share(%),1.5338
Slovak Republic,2021,World,Textiles and Clothing,Export,Export Product share(%),1.8978
Slovak Republic,2021,World,Intermediate goods,Export,Export Product share(%),16.9558
Slovak Republic,2021,World,Minerals,Export,Export Product share(%),0.4059
Slovak Republic,2021,World,Stone and Glass,Export,Export Product share(%),1.1499
Slovak Republic,2021,World,Capital goods,Export,Export Product share(%),29.1892
Slovak Republic,2021,World,Fuels,Export,Export Product share(%),3.2001
Slovak Republic,2021,World,Metals,Export,Export Product share(%),11.2127
Slovak Republic,2021,World,Chemicals,Export,Export Product share(%),2.6301
Slovak Republic,2021,World,Mach and Elec,Export,Export Product share(%),29.1262
Slovak Republic,2021,World,Plastic or Rubber,Export,Export Product share(%),5.5968
Slovak Republic,2021,World,Transportation,Export,Export Product share(%),32.6342
Slovak Republic,2021,World,Hides and Skins,Export,Export Product share(%),0.2561
Slovak Republic,2021,World,Miscellaneous,Export,Export Product share(%),3.6837
Slovak Republic,2021,World,Food Products,Export,Export Product share(%),1.8938
Slovak Republic,2021,World,Footwear,Export,Export Product share(%),1.0203
Slovak Republic,2021,World,Consumer goods,Export,Export Product share(%),50.8102
Slovak Republic,2021,World,Animal,Export,Export Product share(%),0.6785
Slovak Republic,2021,World,Wood,Export,Export Product share(%),3.0801
Slovak Republic,2021,World,Raw materials,Export,Export Product share(%),2.9203
Slovak Republic,2021,World,Consumer goods,Import,Import Product share(%),31.5886
Slovak Republic,2021,World,Capital goods,Import,Import Product share(%),42.992
Slovak Republic,2021,World,Intermediate goods,Import,Import Product share(%),18.1151
Slovak Republic,2021,World,Raw materials,Import,Import Product share(%),7.0187
Slovak Republic,2021,World,Intermediate goods,Tariff,Weighted Average (%),1.52420970959586
Slovak Republic,2021,World,Consumer goods,Tariff,Weighted Average (%),2.95963682272308
Slovak Republic,2021,World,Capital goods,Tariff,Weighted Average (%),0.683679090674349
Slovak Republic,2021,World,Raw materials,Tariff,Weighted Average (%),0.826138397317961
Slovak Republic,2021,World,All Products,Trade Indicator,World Growth (%),12.5883765814344
Slovak Republic,2021,World,All Products,Trade Indicator,Country Growth (%),10.3541149214624
Slovak Republic,2021,World,All Products,Tariff,Simple Average (%),2.41091050338429
Slovak Republic,2021,World,All Products,Tariff,Weighted Average (%),1.55761684996301
Slovak Republic,2021,World,All Products,Tariff,Maximum Rate (%),275.476013183594
Slovak Republic,2021,World,All Products,Tariff,Duty Free Tariff Lines Share (%),59.1733203934889
Slovak Republic,2021,...,...,Trade Indicator,Index of export market penetration,11.1988067448347
Slovak Republic,2021,...,...,Trade Indicator,HH Market concentration index,0.0715767007015432
