Reporter,Year,Partner,Product categories,Indicator Type,Indicator,Indicator Value
Seychelles,2021,Gibraltar,All Products,Export,Trade (US$ Mil)-Top 5 Export Partner,644.8943899685
Seychelles,2021,Cayman Islands,All Products,Export,Trade (US$ Mil)-Top 5 Export Partner,300.140634811484
Seychelles,2021,Bermuda,All Products,Export,Trade (US$ Mil)-Top 5 Export Partner,234.6611939997
Seychelles,2021,Belize,All Products,Export,Trade (US$ Mil)-Top 5 Export Partner,177.441329592
Seychelles,2021,France,All Products,Export,Trade (US$ Mil)-Top 5 Export Partner,136.049144141814
Seychelles,2021,South Africa,All Products,Import,Trade (US$ Mil)-Top 5 Import Partner,345.109237139302
Seychelles,2021,Netherlands,All Products,Import,Trade (US$ Mil)-Top 5 Import Partner,303.118373483225
Seychelles,2021,United Arab Emirates,All Products,Import,Trade (US$ Mil)-Top 5 Import Partner,292.126160199072
Seychelles,2021,Italy,All Products,Import,Trade (US$ Mil)-Top 5 Import Partner,272.406564519601
Seychelles,2021,France,All Products,Import,Trade (US$ Mil)-Top 5 Import Partner,139.996972216735
Seychelles,2021,World,Food Products,Export,Export(US$ Mil),290.171447409611
Seychelles,2021,World,Footwear,Export,Export(US$ Mil),0.0016901322103536
Seychelles,2021,World,Consumer goods,Export,Export(US$ Mil),1802.384124897
Seychelles,2021,World,Vegetable,Export,Export(US$ Mil),4.99566666251972
Seychelles,2021,World,Textiles and Clothing,Export,Export(US$ Mil),0.307273802978342
Seychelles,2021,World,Intermediate goods,Export,Export(US$ Mil),18.0270684179373
Seychelles,2021,World,Animal,Export,Export(US$ Mil),110.609449341976
Seychelles,2021,World,Wood,Export,Export(US$ Mil),0.133258794895567
Seychelles,2021,World,Raw materials,Export,Export(US$ Mil),113.852792826137
Seychelles,2021,World,Minerals,Export,Export(US$ Mil),
Seychelles,2021,World,Stone and Glass,Export,Export(US$ Mil),0.854900721131637
Seychelles,2021,World,Capital goods,Export,Export(US$ Mil),13.8529401715825
Seychelles,2021,World,Fuels,Export,Export(US$ Mil),108.364366814038
Seychelles,2021,World,Metals,Export,Export(US$ Mil),5.09403603116233
Seychelles,2021,World,Chemicals,Export,Export(US$ Mil),0.396992225973303
Seychelles,2021,World,Mach and Elec,Export,Export(US$ Mil),4.3975062349675
Seychelles,2021,World,Plastic or Rubber,Export,Export(US$ Mil),1.81857939199871
Seychelles,2021,World,Transportation,Export,Export(US$ Mil),1419.37954107342
Seychelles,2021,World,Hides and Skins,Export,Export(US$ Mil),0.0307494134236562
Seychelles,2021,World,Miscellaneous,Export,Export(US$ Mil),5.37027411631857
Seychelles,2021,World,Consumer goods,Import,Import(US$ Mil),1097.66210293666
Seychelles,2021,World,Intermediate goods,Import,Import(US$ Mil),256.307244592667
Seychelles,2021,World,Capital goods,Import,Import(US$ Mil),315.681834682681
Seychelles,2021,World,Raw materials,Import,Import(US$ Mil),174.268125366475
Seychelles,2021,World,All Products,Export,Exports (in US$ Mil),1951.92573216662
Seychelles,2021,World,All Products,Import,Imports (in US$ Mil),1847.87938027414
Seychelles,2021,World,All Products,Tariff,Duty Free Imports (US$ Thousand),1243651.13279282
Seychelles,2021,...,...,Tariff,No. Of Tariff Agreement,8
Seychelles,2021,...,...,Import,No. Of Import partners,168
Seychelles,2021,...,...,Import,No. Of Import products,3339
Seychelles,2021,...,...,Export,No. Of Export partners,83
Seychelles,2021,...,...,Export,No. Of Export products,444
Seychelles,2019,...,...,Others,Ease of Doing Business Rank,100
Seychelles,2019,...,...,Others,Trading Across Borders Rank,98
Seychelles,2018,...,...,Others,Population,96762
Seychelles,2021,Gibraltar,All Products,Export,Partner share(%)-Top 5 Export Partner,33.0389
Seychelles,2021,Cayman Islands,All Products,Export,Partner share(%)-Top 5 Export Partner,15.3766
Seychelles,2021,Bermuda,All Products,Export,Partner share(%)-Top 5 Export Partner,12.022
Seychelles,2021,Belize,All Products,Export,Partner share(%)-Top 5 Export Partner,9.0906
Seychelles,2021,France,All Products,Export,Partner share(%)-Top 5 Export Partner,6.97
Seychelles,2021,South Africa,All Products,Import,Partner share(%)-Top 5 Import Partner,18.676
Seychelles,2021,Netherlands,All Products,Import,Partner share(%)-Top 5 Import Partner,16.4036
Seychelles,2021,United Arab Emirates,All Products,Import,Partner share(%)-Top 5 Import Partner,15.8087
Seychelles,2021,Italy,All Products,Import,Partner share(%)-Top 5 Import Partner,14.7416
Seychelles,2021,France,All Products,Import,Partner share(%)-Top 5 Import Partner,7.5761
Seychelles,2021,World,Food Products,Export,Export Product share(%),14.8659
Seychelles,2021,World,Footwear,Export,Export Product share(%),0.0001
Seychelles,2021,World,Consumer goods,Export,Export Product share(%),92.3388
Seychelles,2021,World,Vegetable,Export,Export Product share(%),0.2559
Seychelles,2021,World,Textiles and Clothing,Export,Export Product share(%),0.0157
Seychelles,2021,World,Intermediate goods,Export,Export Product share(%),0.9236
Seychelles,2021,World,Animal,Export,Export Product share(%),5.6667
Seychelles,2021,World,Wood,Export,Export Product share(%),0.0068
Seychelles,2021,World,Raw materials,Export,Export Product share(%),5.8328
Seychelles,2021,World,Chemicals,Export,Export Product share(%),0.0203
Seychelles,2021,World,Mach and Elec,Export,Export Product share(%),0.2253
Seychelles,2021,World,Fuels,Export,Export Product share(%),5.5517
Seychelles,2021,World,Metals,Export,Export Product share(%),0.261
Seychelles,2021,World,Hides and Skins,Export,Export Product share(%),0.0016
Seychelles,2021,World,Miscellaneous,Export,Export Product share(%),0.2751
Seychelles,2021,World,Minerals,Export,Export Product share(%),
Seychelles,2021,World,Stone and Glass,Export,Export Product share(%),0.0438
Seychelles,2021,World,Capital goods,Export,Export Product share(%),0.7097
Seychelles,2021,World,Plastic or Rubber,Export,Export Product share(%),0.0932
Seychelles,2021,World,Transportation,Export,Export Product share(%),72.7169
Seychelles,2021,World,Consumer goods,Import,Import Product share(%),59.4012
Seychelles,2021,World,Intermediate goods,Import,Import Product share(%),13.8703
Seychelles,2021,World,Capital goods,Import,Import Product share(%),17.0835
Seychelles,2021,World,Raw materials,Import,Import Product share(%),9.4307
Seychelles,2021,World,Intermediate goods,Tariff,Weighted Average (%),0.0108704349158198
Seychelles,2021,World,Consumer goods,Tariff,Weighted Average (%),1.11513611221143
Seychelles,2021,World,Capital goods,Tariff,Weighted Average (%),0.0226577083481805
Seychelles,2021,World,Raw materials,Tariff,Weighted Average (%),2.97531154448754
Seychelles,2021,World,All Products,Trade Indicator,World Growth (%),12.5883765814344
Seychelles,2021,World,All Products,Trade Indicator,Country Growth (%),21.0304551133524
Seychelles,2021,World,All Products,Tariff,Simple Average (%),1.75120630888348
Seychelles,2021,World,All Products,Tariff,Weighted Average (%),1.07228503038616
Seychelles,2021,World,All Products,Tariff,Maximum Rate (%),200
Seychelles,2021,World,All Products,Tariff,Duty Free Tariff Lines Share (%),87.6297554530993
Seychelles,2021,...,...,Trade Indicator,Index of export market penetration,1.56612695228543
Seychelles,2021,...,...,Trade Indicator,HH Market concentration index,0.121045527230172
