Reporter,Year,Partner,Product categories,Indicator Type,Indicator,Indicator Value
Syrian Arab Republic,2010,Iraq,All Products,Export,Trade (US$ Mil)-Top 5 Export Partner,2294.520028
Syrian Arab Republic,2010,Italy,All Products,Export,Trade (US$ Mil)-Top 5 Export Partner,1520.203182
Syrian Arab Republic,2010,Germany,All Products,Export,Trade (US$ Mil)-Top 5 Export Partner,1477.110789
Syrian Arab Republic,2010,Turkey,All Products,Export,Trade (US$ Mil)-Top 5 Export Partner,629.200212
Syrian Arab Republic,2010,Saudi Arabia,All Products,Export,Trade (US$ Mil)-Top 5 Export Partner,542.604001
Syrian Arab Republic,2010,Turkey,All Products,Import,Trade (US$ Mil)-Top 5 Import Partner,1672.062124
Syrian Arab Republic,2010,China,All Products,Import,Trade (US$ Mil)-Top 5 Import Partner,1545.913838
Syrian Arab Republic,2010,Italy,All Products,Import,Trade (US$ Mil)-Top 5 Import Partner,1292.60688
Syrian Arab Republic,2010,Ukraine,All Products,Import,Trade (US$ Mil)-Top 5 Import Partner,1133.850305
Syrian Arab Republic,2010,Russian Federation,All Products,Import,Trade (US$ Mil)-Top 5 Import Partner,1108.850644
Syrian Arab Republic,2010,World,Fuels,Export,Export(US$ Mil),5663.505802
Syrian Arab Republic,2010,World,Metals,Export,Export(US$ Mil),292.219973
Syrian Arab Republic,2010,World,Food Products,Export,Export(US$ Mil),793.901258
Syrian Arab Republic,2010,World,Footwear,Export,Export(US$ Mil),111.20553
Syrian Arab Republic,2010,World,Consumer goods,Export,Export(US$ Mil),3830.231573
Syrian Arab Republic,2010,World,Minerals,Export,Export(US$ Mil),209.213276
Syrian Arab Republic,2010,World,Stone and Glass,Export,Export(US$ Mil),60.62866
Syrian Arab Republic,2010,World,Capital goods,Export,Export(US$ Mil),205.319084
Syrian Arab Republic,2010,World,Chemicals,Export,Export(US$ Mil),552.565422
Syrian Arab Republic,2010,World,Mach and Elec,Export,Export(US$ Mil),220.706199
Syrian Arab Republic,2010,World,Plastic or Rubber,Export,Export(US$ Mil),374.940177
Syrian Arab Republic,2010,World,Transportation,Export,Export(US$ Mil),24.378
Syrian Arab Republic,2010,World,Hides and Skins,Export,Export(US$ Mil),34.014991
Syrian Arab Republic,2010,World,Miscellaneous,Export,Export(US$ Mil),45.127479
Syrian Arab Republic,2010,World,Vegetable,Export,Export(US$ Mil),1127.15799
Syrian Arab Republic,2010,World,Textiles and Clothing,Export,Export(US$ Mil),1198.888657
Syrian Arab Republic,2010,World,Intermediate goods,Export,Export(US$ Mil),1344.025068
Syrian Arab Republic,2010,World,Animal,Export,Export(US$ Mil),518.029337
Syrian Arab Republic,2010,World,Wood,Export,Export(US$ Mil),126.440882
Syrian Arab Republic,2010,World,Raw materials,Export,Export(US$ Mil),5969.848791
Syrian Arab Republic,2010,World,Consumer goods,Import,Import(US$ Mil),6912.47729299999
Syrian Arab Republic,2010,World,Intermediate goods,Import,Import(US$ Mil),6246.75887200001
Syrian Arab Republic,2010,World,Capital goods,Import,Import(US$ Mil),2752.544186
Syrian Arab Republic,2010,World,Raw materials,Import,Import(US$ Mil),1645.539836
Syrian Arab Republic,2010,World,All Products,Export,Exports (in US$ Mil),11352.923632
Syrian Arab Republic,2010,World,All Products,Import,Imports (in US$ Mil),17561.575593
Syrian Arab Republic,2010,World,All Products,Tariff,Duty Free Imports (US$ Thousand),2597234.092
Syrian Arab Republic,2010,...,...,Tariff,No. Of Tariff Agreement,2
Syrian Arab Republic,2010,...,...,Import,No. Of Import partners,150
Syrian Arab Republic,2010,...,...,Import,No. Of Import products,3563
Syrian Arab Republic,2010,...,...,Export,No. Of Export partners,150
Syrian Arab Republic,2010,...,...,Export,No. Of Export products,2810
Syrian Arab Republic,2018,...,...,Others,Population,16906283
Syrian Arab Republic,2019,...,...,Others,Ease of Doing Business Rank,176
Syrian Arab Republic,2009,...,...,Others,Overall Trade Restrictiveness Index - MFN Tariff,0.0788477
Syrian Arab Republic,2019,...,...,Others,Trading Across Borders Rank,178
Syrian Arab Republic,2009,...,...,Others,Overall Trade Restrictiveness Index -  Applied Tariff,0.0665417
Syrian Arab Republic,2016,...,...,Others,LPI Score,1.598322
Syrian Arab Republic,2016,...,...,Others,LPI Rank,160
Syrian Arab Republic,2010,Iraq,All Products,Export,Partner share(%)-Top 5 Export Partner,20.2108
Syrian Arab Republic,2010,Italy,All Products,Export,Partner share(%)-Top 5 Export Partner,13.3904
Syrian Arab Republic,2010,Germany,All Products,Export,Partner share(%)-Top 5 Export Partner,13.0108
Syrian Arab Republic,2010,Turkey,All Products,Export,Partner share(%)-Top 5 Export Partner,5.5422
Syrian Arab Republic,2010,Saudi Arabia,All Products,Export,Partner share(%)-Top 5 Export Partner,4.7794
Syrian Arab Republic,2010,Turkey,All Products,Import,Partner share(%)-Top 5 Import Partner,9.5211
Syrian Arab Republic,2010,China,All Products,Import,Partner share(%)-Top 5 Import Partner,8.8028
Syrian Arab Republic,2010,Italy,All Products,Import,Partner share(%)-Top 5 Import Partner,7.3604
Syrian Arab Republic,2010,Ukraine,All Products,Import,Partner share(%)-Top 5 Import Partner,6.4564
Syrian Arab Republic,2010,Russian Federation,All Products,Import,Partner share(%)-Top 5 Import Partner,6.3141
Syrian Arab Republic,2010,World,Vegetable,Export,Export Product share(%),9.9283
Syrian Arab Republic,2010,World,Textiles and Clothing,Export,Export Product share(%),10.5602
Syrian Arab Republic,2010,World,Intermediate goods,Export,Export Product share(%),11.8386
Syrian Arab Republic,2010,World,Minerals,Export,Export Product share(%),1.8428
Syrian Arab Republic,2010,World,Stone and Glass,Export,Export Product share(%),0.534
Syrian Arab Republic,2010,World,Capital goods,Export,Export Product share(%),1.8085
Syrian Arab Republic,2010,World,Fuels,Export,Export Product share(%),49.8859
Syrian Arab Republic,2010,World,Metals,Export,Export Product share(%),2.574
Syrian Arab Republic,2010,World,Food Products,Export,Export Product share(%),6.9929
Syrian Arab Republic,2010,World,Footwear,Export,Export Product share(%),0.9795
Syrian Arab Republic,2010,World,Consumer goods,Export,Export Product share(%),33.7378
Syrian Arab Republic,2010,World,Animal,Export,Export Product share(%),4.563
Syrian Arab Republic,2010,World,Wood,Export,Export Product share(%),1.1137
Syrian Arab Republic,2010,World,Raw materials,Export,Export Product share(%),52.5842
Syrian Arab Republic,2010,World,Hides and Skins,Export,Export Product share(%),0.2996
Syrian Arab Republic,2010,World,Miscellaneous,Export,Export Product share(%),0.3975
Syrian Arab Republic,2010,World,Chemicals,Export,Export Product share(%),4.8672
Syrian Arab Republic,2010,World,Mach and Elec,Export,Export Product share(%),1.944
Syrian Arab Republic,2010,World,Plastic or Rubber,Export,Export Product share(%),3.3026
Syrian Arab Republic,2010,World,Transportation,Export,Export Product share(%),0.2147
Syrian Arab Republic,2010,World,Intermediate goods,Import,Import Product share(%),35.5706
Syrian Arab Republic,2010,World,Consumer goods,Import,Import Product share(%),39.3614
Syrian Arab Republic,2010,World,Capital goods,Import,Import Product share(%),15.6737
Syrian Arab Republic,2010,World,Raw materials,Import,Import Product share(%),9.3701
Syrian Arab Republic,2010,World,Consumer goods,Tariff,Weighted Average (%),11.6283029522098
Syrian Arab Republic,2010,World,Intermediate goods,Tariff,Weighted Average (%),2.55180991018002
Syrian Arab Republic,2010,World,Capital goods,Tariff,Weighted Average (%),8.48848687669998
Syrian Arab Republic,2010,World,Raw materials,Tariff,Weighted Average (%),4.2807559025301
Syrian Arab Republic,2010,World,All Products,Trade Indicator,World Growth (%),9.73834472294481
Syrian Arab Republic,2010,World,All Products,Trade Indicator,Country Growth (%),20.9998888953535
Syrian Arab Republic,2010,World,All Products,Tariff,Simple Average (%),11.8591078042346
Syrian Arab Republic,2010,World,All Products,Tariff,Weighted Average (%),7.22800388559787
Syrian Arab Republic,2010,World,All Products,Tariff,Maximum Rate (%),99
Syrian Arab Republic,2010,World,All Products,Tariff,Duty Free Tariff Lines Share (%),10.1686349611661
Syrian Arab Republic,2010,...,...,Trade Indicator,Index of export market penetration,4.10231444175844
Syrian Arab Republic,2010,...,...,Trade Indicator,HH Market concentration index,0.0766263549336453
