Reporter,Year,Partner,Product categories,Indicator Type,Indicator,Indicator Value
Sao Tome and Principe,2021,Netherlands,All Products,Export,Trade (US$ Mil)-Top 5 Export Partner,8.64139593892135
Sao Tome and Principe,2021,Belgium,All Products,Export,Trade (US$ Mil)-Top 5 Export Partner,4.0773344569419
Sao Tome and Principe,2021,Portugal,All Products,Export,Trade (US$ Mil)-Top 5 Export Partner,2.5119564444535
Sao Tome and Principe,2021,Germany,All Products,Export,Trade (US$ Mil)-Top 5 Export Partner,1.73575673760995
Sao Tome and Principe,2021,Cameroon,All Products,Export,Trade (US$ Mil)-Top 5 Export Partner,0.81227441229165
Sao Tome and Principe,2021,Portugal,All Products,Import,Trade (US$ Mil)-Top 5 Import Partner,81.8944550747461
Sao Tome and Principe,2021,Angola,All Products,Import,Trade (US$ Mil)-Top 5 Import Partner,19.9021366487433
Sao Tome and Principe,2021,Togo,All Products,Import,Trade (US$ Mil)-Top 5 Import Partner,15.580979590616
Sao Tome and Principe,2021,China,All Products,Import,Trade (US$ Mil)-Top 5 Import Partner,11.9336657440141
Sao Tome and Principe,2021,Japan,All Products,Import,Trade (US$ Mil)-Top 5 Import Partner,5.093755451598
Sao Tome and Principe,2021,World,Vegetable,Export,Export(US$ Mil),6.5649174490482
Sao Tome and Principe,2021,World,Textiles and Clothing,Export,Export(US$ Mil),0.0193210695898
Sao Tome and Principe,2021,World,Intermediate goods,Export,Export(US$ Mil),6.561120429039
Sao Tome and Principe,2021,World,Food Products,Export,Export(US$ Mil),11.6123340046449
Sao Tome and Principe,2021,World,Footwear,Export,Export(US$ Mil),0.00065584095225
Sao Tome and Principe,2021,World,Consumer goods,Export,Export(US$ Mil),0.924316802074599
Sao Tome and Principe,2021,World,Chemicals,Export,Export(US$ Mil),0.061186532088
Sao Tome and Principe,2021,World,Mach and Elec,Export,Export(US$ Mil),0.2051601812733
Sao Tome and Principe,2021,World,Animal,Export,Export(US$ Mil),0.0053717191825
Sao Tome and Principe,2021,World,Wood,Export,Export(US$ Mil),0.00480167010565
Sao Tome and Principe,2021,World,Raw materials,Export,Export(US$ Mil),11.4526197835269
Sao Tome and Principe,2021,World,Minerals,Export,Export(US$ Mil),0.00313796915685
Sao Tome and Principe,2021,World,Stone and Glass,Export,Export(US$ Mil),0.0051774715916
Sao Tome and Principe,2021,World,Capital goods,Export,Export(US$ Mil),0.2367803235402
Sao Tome and Principe,2021,World,Fuels,Export,Export(US$ Mil),0.0040858137485
Sao Tome and Principe,2021,World,Metals,Export,Export(US$ Mil),0.1270134124842
Sao Tome and Principe,2021,World,Hides and Skins,Export,Export(US$ Mil),0.00194544263485
Sao Tome and Principe,2021,World,Miscellaneous,Export,Export(US$ Mil),0.04829426014545
Sao Tome and Principe,2021,World,Plastic or Rubber,Export,Export(US$ Mil),0.0105327521948
Sao Tome and Principe,2021,World,Transportation,Export,Export(US$ Mil),0.50091011453395
Sao Tome and Principe,2021,World,Intermediate goods,Import,Import(US$ Mil),27.0928557495294
Sao Tome and Principe,2021,World,Consumer goods,Import,Import(US$ Mil),106.328860132266
Sao Tome and Principe,2021,World,Capital goods,Import,Import(US$ Mil),23.0790967402993
Sao Tome and Principe,2021,World,Raw materials,Import,Import(US$ Mil),7.59110038410685
Sao Tome and Principe,2021,World,All Products,Export,Exports (in US$ Mil),19.1748457033749
Sao Tome and Principe,2021,World,All Products,Import,Imports (in US$ Mil),166.2750068742
Sao Tome and Principe,2019,World,All Products,Tariff,Duty Free Imports (US$ Thousand),3402.78283625951
Sao Tome and Principe,2019,...,...,Tariff,No. Of Tariff Agreement,1
Sao Tome and Principe,2021,...,...,Import,No. Of Import partners,65
Sao Tome and Principe,2021,...,...,Import,No. Of Import products,2478
Sao Tome and Principe,2021,...,...,Export,No. Of Export partners,23
Sao Tome and Principe,2021,...,...,Export,No. Of Export products,272
Sao Tome and Principe,2019,...,...,Others,Ease of Doing Business Rank,170
Sao Tome and Principe,2019,...,...,Others,Trading Across Borders Rank,124
Sao Tome and Principe,2018,...,...,Others,Population,211028
Sao Tome and Principe,2018,...,...,Others,CPIA Trade Ratings,4
Sao Tome and Principe,2016,...,...,Others,LPI Rank,133
Sao Tome and Principe,2016,...,...,Others,LPI Score,2.325633
Sao Tome and Principe,2021,Netherlands,All Products,Export,Partner share(%)-Top 5 Export Partner,45.0663
Sao Tome and Principe,2021,Belgium,All Products,Export,Partner share(%)-Top 5 Export Partner,21.264
Sao Tome and Principe,2021,Portugal,All Products,Export,Partner share(%)-Top 5 Export Partner,13.1003
Sao Tome and Principe,2021,Germany,All Products,Export,Partner share(%)-Top 5 Export Partner,9.0523
Sao Tome and Principe,2021,Cameroon,All Products,Export,Partner share(%)-Top 5 Export Partner,4.2361
Sao Tome and Principe,2021,Portugal,All Products,Import,Partner share(%)-Top 5 Import Partner,49.2524
Sao Tome and Principe,2021,Angola,All Products,Import,Partner share(%)-Top 5 Import Partner,11.9694
Sao Tome and Principe,2021,Togo,All Products,Import,Partner share(%)-Top 5 Import Partner,9.3706
Sao Tome and Principe,2021,China,All Products,Import,Partner share(%)-Top 5 Import Partner,7.1771
Sao Tome and Principe,2021,Japan,All Products,Import,Partner share(%)-Top 5 Import Partner,3.0635
Sao Tome and Principe,2021,World,Vegetable,Export,Export Product share(%),34.2371
Sao Tome and Principe,2021,World,Textiles and Clothing,Export,Export Product share(%),0.1008
Sao Tome and Principe,2021,World,Intermediate goods,Export,Export Product share(%),34.2173
Sao Tome and Principe,2021,World,Animal,Export,Export Product share(%),0.028
Sao Tome and Principe,2021,World,Wood,Export,Export Product share(%),0.025
Sao Tome and Principe,2021,World,Raw materials,Export,Export Product share(%),59.7273
Sao Tome and Principe,2021,World,Food Products,Export,Export Product share(%),60.5602
Sao Tome and Principe,2021,World,Footwear,Export,Export Product share(%),0.0034
Sao Tome and Principe,2021,World,Consumer goods,Export,Export Product share(%),4.8205
Sao Tome and Principe,2021,World,Minerals,Export,Export Product share(%),0.0164
Sao Tome and Principe,2021,World,Stone and Glass,Export,Export Product share(%),0.027
Sao Tome and Principe,2021,World,Capital goods,Export,Export Product share(%),1.2348
Sao Tome and Principe,2021,World,Plastic or Rubber,Export,Export Product share(%),0.0549
Sao Tome and Principe,2021,World,Transportation,Export,Export Product share(%),2.6123
Sao Tome and Principe,2021,World,Fuels,Export,Export Product share(%),0.0213
Sao Tome and Principe,2021,World,Metals,Export,Export Product share(%),0.6624
Sao Tome and Principe,2021,World,Chemicals,Export,Export Product share(%),0.3191
Sao Tome and Principe,2021,World,Mach and Elec,Export,Export Product share(%),1.0699
Sao Tome and Principe,2021,World,Hides and Skins,Export,Export Product share(%),0.0101
Sao Tome and Principe,2021,World,Miscellaneous,Export,Export Product share(%),0.2519
Sao Tome and Principe,2021,World,Intermediate goods,Import,Import Product share(%),16.294
Sao Tome and Principe,2021,World,Consumer goods,Import,Import Product share(%),63.9476
Sao Tome and Principe,2021,World,Capital goods,Import,Import Product share(%),13.8801
Sao Tome and Principe,2021,World,Raw materials,Import,Import Product share(%),4.5654
Sao Tome and Principe,2019,World,Intermediate goods,Tariff,Weighted Average (%),5.62718367767601
Sao Tome and Principe,2019,World,Consumer goods,Tariff,Weighted Average (%),10.1465356441134
Sao Tome and Principe,2019,World,Raw materials,Tariff,Weighted Average (%),14.9159679064281
Sao Tome and Principe,2019,World,Capital goods,Tariff,Weighted Average (%),11.2240436257875
Sao Tome and Principe,2021,World,All Products,Trade Indicator,World Growth (%),12.5883765814344
Sao Tome and Principe,2021,World,All Products,Trade Indicator,Country Growth (%),6.55424795871664
Sao Tome and Principe,2019,World,All Products,Tariff,Simple Average (%),10.0006084733337
Sao Tome and Principe,2019,World,All Products,Tariff,Weighted Average (%),9.96927406011112
Sao Tome and Principe,2019,World,All Products,Tariff,Maximum Rate (%),20
Sao Tome and Principe,2019,World,All Products,Tariff,Duty Free Tariff Lines Share (%),1.66876574307305
Sao Tome and Principe,2021,...,...,Trade Indicator,Index of export market penetration,1.24242310153985
Sao Tome and Principe,2021,...,...,Trade Indicator,HH Market concentration index,0.0983687655046731
