Reporter,Year,Partner,Product categories,Indicator Type,Indicator,Indicator Value
Tanzania,2021,United Arab Emirates,All Products,Export,Trade (US$ Mil)-Top 5 Export Partner,1051.73417894194
Tanzania,2021,India,All Products,Export,Trade (US$ Mil)-Top 5 Export Partner,1008.69390678
Tanzania,2021,South Africa,All Products,Export,Trade (US$ Mil)-Top 5 Export Partner,916.6746845
Tanzania,2021,Switzerland,All Products,Export,Trade (US$ Mil)-Top 5 Export Partner,526.94484031
Tanzania,2021,Kenya,All Products,Export,Trade (US$ Mil)-Top 5 Export Partner,397.224787146662
Tanzania,2021,China,All Products,Import,Trade (US$ Mil)-Top 5 Import Partner,2696.19406471
Tanzania,2021,United Arab Emirates,All Products,Import,Trade (US$ Mil)-Top 5 Import Partner,1359.50660056
Tanzania,2021,India,All Products,Import,Trade (US$ Mil)-Top 5 Import Partner,1209.5178372013
Tanzania,2021,Saudi Arabia,All Products,Import,Trade (US$ Mil)-Top 5 Import Partner,674.116983
Tanzania,2021,Japan,All Products,Import,Trade (US$ Mil)-Top 5 Import Partner,469.0057569326
Tanzania,2021,World,Fuels,Export,Export(US$ Mil),68.59220394
Tanzania,2021,World,Metals,Export,Export(US$ Mil),145.394947814812
Tanzania,2021,World,Minerals,Export,Export(US$ Mil),247.54919211
Tanzania,2021,World,Stone and Glass,Export,Export(US$ Mil),3066.33792947
Tanzania,2021,World,Capital goods,Export,Export(US$ Mil),101.699565053708
Tanzania,2021,World,Vegetable,Export,Export(US$ Mil),1493.08292939573
Tanzania,2021,World,Textiles and Clothing,Export,Export(US$ Mil),248.52657735
Tanzania,2021,World,Intermediate goods,Export,Export(US$ Mil),3714.96629868742
Tanzania,2021,World,Chemicals,Export,Export(US$ Mil),213.277303627976
Tanzania,2021,World,Mach and Elec,Export,Export(US$ Mil),48.8720318307039
Tanzania,2021,World,Plastic or Rubber,Export,Export(US$ Mil),68.4576538486007
Tanzania,2021,World,Transportation,Export,Export(US$ Mil),42.58220437
Tanzania,2021,World,Food Products,Export,Export(US$ Mil),323.67575787214
Tanzania,2021,World,Footwear,Export,Export(US$ Mil),22.23955942
Tanzania,2021,World,Consumer goods,Export,Export(US$ Mil),970.151054127282
Tanzania,2021,World,Hides and Skins,Export,Export(US$ Mil),6.36630901
Tanzania,2021,World,Miscellaneous,Export,Export(US$ Mil),19.6034473749391
Tanzania,2021,World,Animal,Export,Export(US$ Mil),203.816519018746
Tanzania,2021,World,Wood,Export,Export(US$ Mil),172.48832029
Tanzania,2021,World,Raw materials,Export,Export(US$ Mil),1604.04596887524
Tanzania,2021,World,Intermediate goods,Import,Import(US$ Mil),3101.44232383
Tanzania,2021,World,Consumer goods,Import,Import(US$ Mil),4777.3911886413
Tanzania,2021,World,Raw materials,Import,Import(US$ Mil),320.48810246
Tanzania,2021,World,Capital goods,Import,Import(US$ Mil),2670.4929846026
Tanzania,2021,World,All Products,Export,Exports (in US$ Mil),6390.86288674364
Tanzania,2021,World,All Products,Import,Imports (in US$ Mil),10873.2641335339
Tanzania,2021,World,All Products,Tariff,Duty Free Imports (US$ Thousand),4738369.45327
Tanzania,2021,...,...,Tariff,No. Of Tariff Agreement,4
Tanzania,2021,...,...,Import,No. Of Import partners,189
Tanzania,2021,...,...,Import,No. Of Import products,3862
Tanzania,2021,...,...,Export,No. Of Export partners,140
Tanzania,2021,...,...,Export,No. Of Export products,2455
Tanzania,2018,...,...,Others,Population,56318348
Tanzania,2018,...,...,Others,CPIA Trade Ratings,4
Tanzania,2016,...,...,Others,LPI Score,2.990185
Tanzania,2019,...,...,Others,Ease of Doing Business Rank,141
Tanzania,2009,...,...,Others,Overall Trade Restrictiveness Index - MFN Tariff,0.5410065
Tanzania,2016,...,...,Others,LPI Rank,61
Tanzania,2019,...,...,Others,Trading Across Borders Rank,182
Tanzania,2009,...,...,Others,Overall Trade Restrictiveness Index -  Applied Tariff,0.532504
Tanzania,,...,...,Others,Services Trade Restrictions Index - Over All,30.7
Tanzania,2021,United Arab Emirates,All Products,Export,Partner share(%)-Top 5 Export Partner,16.4568
Tanzania,2021,India,All Products,Export,Partner share(%)-Top 5 Export Partner,15.7834
Tanzania,2021,South Africa,All Products,Export,Partner share(%)-Top 5 Export Partner,14.3435
Tanzania,2021,Switzerland,All Products,Export,Partner share(%)-Top 5 Export Partner,8.2453
Tanzania,2021,Kenya,All Products,Export,Partner share(%)-Top 5 Export Partner,6.2155
Tanzania,2021,China,All Products,Import,Partner share(%)-Top 5 Import Partner,24.7965
Tanzania,2021,United Arab Emirates,All Products,Import,Partner share(%)-Top 5 Import Partner,12.5032
Tanzania,2021,India,All Products,Import,Partner share(%)-Top 5 Import Partner,11.1238
Tanzania,2021,Saudi Arabia,All Products,Import,Partner share(%)-Top 5 Import Partner,6.1998
Tanzania,2021,Japan,All Products,Import,Partner share(%)-Top 5 Import Partner,4.3134
Tanzania,2021,World,Hides and Skins,Export,Export Product share(%),0.0996
Tanzania,2021,World,Miscellaneous,Export,Export Product share(%),0.3067
Tanzania,2021,World,Food Products,Export,Export Product share(%),5.0647
Tanzania,2021,World,Footwear,Export,Export Product share(%),0.348
Tanzania,2021,World,Consumer goods,Export,Export Product share(%),15.1803
Tanzania,2021,World,Vegetable,Export,Export Product share(%),23.3628
Tanzania,2021,World,Textiles and Clothing,Export,Export Product share(%),3.8888
Tanzania,2021,World,Intermediate goods,Export,Export Product share(%),58.1293
Tanzania,2021,World,Minerals,Export,Export Product share(%),3.8735
Tanzania,2021,World,Stone and Glass,Export,Export Product share(%),47.98
Tanzania,2021,World,Capital goods,Export,Export Product share(%),1.5913
Tanzania,2021,World,Chemicals,Export,Export Product share(%),3.3372
Tanzania,2021,World,Mach and Elec,Export,Export Product share(%),0.7647
Tanzania,2021,World,Fuels,Export,Export Product share(%),1.0733
Tanzania,2021,World,Metals,Export,Export Product share(%),2.275
Tanzania,2021,World,Plastic or Rubber,Export,Export Product share(%),1.0712
Tanzania,2021,World,Transportation,Export,Export Product share(%),0.6663
Tanzania,2021,World,Animal,Export,Export Product share(%),3.1892
Tanzania,2021,World,Wood,Export,Export Product share(%),2.699
Tanzania,2021,World,Raw materials,Export,Export Product share(%),25.0991
Tanzania,2021,World,Intermediate goods,Import,Import Product share(%),28.5236
Tanzania,2021,World,Consumer goods,Import,Import Product share(%),43.937
Tanzania,2021,World,Capital goods,Import,Import Product share(%),24.5602
Tanzania,2021,World,Raw materials,Import,Import Product share(%),2.9475
Tanzania,2021,World,Intermediate goods,Tariff,Weighted Average (%),4.70168629693519
Tanzania,2021,World,Consumer goods,Tariff,Weighted Average (%),14.9018760841665
Tanzania,2021,World,Capital goods,Tariff,Weighted Average (%),4.81142804299711
Tanzania,2021,World,Raw materials,Tariff,Weighted Average (%),4.82524070180041
Tanzania,2021,World,All Products,Trade Indicator,World Growth (%),12.5883765814344
Tanzania,2021,World,All Products,Trade Indicator,Country Growth (%),6.05548379611724
Tanzania,2021,World,All Products,Tariff,Simple Average (%),12.0252230452991
Tanzania,2021,World,All Products,Tariff,Weighted Average (%),8.67127577383245
Tanzania,2021,World,All Products,Tariff,Maximum Rate (%),101.331901550293
Tanzania,2021,World,All Products,Tariff,Duty Free Tariff Lines Share (%),38.8530381070787
Tanzania,2021,...,...,Trade Indicator,Index of export market penetration,2.82150062782082
Tanzania,2021,...,...,Trade Indicator,HH Market concentration index,0.115258253712759
