Reporter,Year,Partner,Product categories,Indicator Type,Indicator,Indicator Value
Tonga,2014,New Zealand,All Products,Export,Trade (US$ Mil)-Top 5 Export Partner,4.377102
Tonga,2014,"Hong Kong, China",All Products,Export,Trade (US$ Mil)-Top 5 Export Partner,3.348616
Tonga,2014,Unspecified,All Products,Export,Trade (US$ Mil)-Top 5 Export Partner,2.920535
Tonga,2014,United States,All Products,Export,Trade (US$ Mil)-Top 5 Export Partner,2.481265
Tonga,2014,Japan,All Products,Export,Trade (US$ Mil)-Top 5 Export Partner,2.053957
Tonga,2014,New Zealand,All Products,Import,Trade (US$ Mil)-Top 5 Import Partner,62.424969
Tonga,2014,Singapore,All Products,Import,Trade (US$ Mil)-Top 5 Import Partner,46.101535
Tonga,2014,United States,All Products,Import,Trade (US$ Mil)-Top 5 Import Partner,23.684055
Tonga,2014,Japan,All Products,Import,Trade (US$ Mil)-Top 5 Import Partner,17.46215
Tonga,2014,Fiji,All Products,Import,Trade (US$ Mil)-Top 5 Import Partner,17.063674
Tonga,2014,World,Minerals,Export,Export(US$ Mil),0.000618
Tonga,2014,World,Stone and Glass,Export,Export(US$ Mil),0.132596
Tonga,2014,World,Capital goods,Export,Export(US$ Mil),0.588757999999999
Tonga,2014,World,Food Products,Export,Export(US$ Mil),0.454691
Tonga,2014,World,Footwear,Export,Export(US$ Mil),0.001006
Tonga,2014,World,Consumer goods,Export,Export(US$ Mil),4.50237200000001
Tonga,2014,World,Plastic or Rubber,Export,Export(US$ Mil),0.073535
Tonga,2014,World,Transportation,Export,Export(US$ Mil),0.106328
Tonga,2014,World,Chemicals,Export,Export(US$ Mil),0.314968
Tonga,2014,World,Mach and Elec,Export,Export(US$ Mil),0.491708
Tonga,2014,World,Vegetable,Export,Export(US$ Mil),6.783076
Tonga,2014,World,Textiles and Clothing,Export,Export(US$ Mil),0.022754
Tonga,2014,World,Intermediate goods,Export,Export(US$ Mil),3.18403
Tonga,2014,World,Hides and Skins,Export,Export(US$ Mil),0.001813
Tonga,2014,World,Miscellaneous,Export,Export(US$ Mil),0.137463
Tonga,2014,World,Fuels,Export,Export(US$ Mil),2.928009
Tonga,2014,World,Metals,Export,Export(US$ Mil),0.261054
Tonga,2014,World,Animal,Export,Export(US$ Mil),6.666294
Tonga,2014,World,Wood,Export,Export(US$ Mil),0.503585
Tonga,2014,World,Raw materials,Export,Export(US$ Mil),10.604327
Tonga,2014,World,Intermediate goods,Import,Import(US$ Mil),26.923929
Tonga,2014,World,Consumer goods,Import,Import(US$ Mil),120.844155
Tonga,2014,World,Raw materials,Import,Import(US$ Mil),24.575845
Tonga,2014,World,Capital goods,Import,Import(US$ Mil),42.669168
Tonga,2014,World,All Products,Export,Exports (in US$ Mil),18.879495
Tonga,2014,World,All Products,Import,Imports (in US$ Mil),218.18576
Tonga,2013,World,All Products,Tariff,Duty Free Imports (US$ Thousand),110141.591
Tonga,2013,...,...,Tariff,No. Of Tariff Agreement,1
Tonga,2014,...,...,Import,No. Of Import partners,86
Tonga,2014,...,...,Import,No. Of Import products,2798
Tonga,2014,...,...,Export,No. Of Export partners,47
Tonga,2014,...,...,Export,No. Of Export products,636
Tonga,2018,...,...,Others,Population,103197
Tonga,2018,...,...,Others,CPIA Trade Ratings,4.5
Tonga,2019,...,...,Others,Trading Across Borders Rank,97
Tonga,2009,...,...,Others,Overall Trade Restrictiveness Index -  Applied Tariff,0.028153
Tonga,2019,...,...,Others,Ease of Doing Business Rank,103
Tonga,2009,...,...,Others,Overall Trade Restrictiveness Index - MFN Tariff,0.028153
Tonga,2014,New Zealand,All Products,Export,Partner share(%)-Top 5 Export Partner,23.1844
Tonga,2014,"Hong Kong, China",All Products,Export,Partner share(%)-Top 5 Export Partner,17.7368
Tonga,2014,Unspecified,All Products,Export,Partner share(%)-Top 5 Export Partner,15.4693
Tonga,2014,United States,All Products,Export,Partner share(%)-Top 5 Export Partner,13.1426
Tonga,2014,Japan,All Products,Export,Partner share(%)-Top 5 Export Partner,10.8793
Tonga,2014,New Zealand,All Products,Import,Partner share(%)-Top 5 Import Partner,28.6109
Tonga,2014,Singapore,All Products,Import,Partner share(%)-Top 5 Import Partner,21.1295
Tonga,2014,United States,All Products,Import,Partner share(%)-Top 5 Import Partner,10.855
Tonga,2014,Japan,All Products,Import,Partner share(%)-Top 5 Import Partner,8.0033
Tonga,2014,Fiji,All Products,Import,Partner share(%)-Top 5 Import Partner,7.8207
Tonga,2014,World,Food Products,Export,Export Product share(%),2.4084
Tonga,2014,World,Footwear,Export,Export Product share(%),0.0053
Tonga,2014,World,Consumer goods,Export,Export Product share(%),23.8479
Tonga,2014,World,Vegetable,Export,Export Product share(%),35.9283
Tonga,2014,World,Textiles and Clothing,Export,Export Product share(%),0.1205
Tonga,2014,World,Intermediate goods,Export,Export Product share(%),16.865
Tonga,2014,World,Fuels,Export,Export Product share(%),15.5089
Tonga,2014,World,Metals,Export,Export Product share(%),1.3827
Tonga,2014,World,Minerals,Export,Export Product share(%),0.0033
Tonga,2014,World,Stone and Glass,Export,Export Product share(%),0.7023
Tonga,2014,World,Capital goods,Export,Export Product share(%),3.1185
Tonga,2014,World,Animal,Export,Export Product share(%),35.3097
Tonga,2014,World,Wood,Export,Export Product share(%),2.6674
Tonga,2014,World,Raw materials,Export,Export Product share(%),56.1685
Tonga,2014,World,Plastic or Rubber,Export,Export Product share(%),0.3895
Tonga,2014,World,Transportation,Export,Export Product share(%),0.5632
Tonga,2014,World,Hides and Skins,Export,Export Product share(%),0.0096
Tonga,2014,World,Miscellaneous,Export,Export Product share(%),0.7281
Tonga,2014,World,Chemicals,Export,Export Product share(%),1.6683
Tonga,2014,World,Mach and Elec,Export,Export Product share(%),2.6045
Tonga,2014,World,Intermediate goods,Import,Import Product share(%),12.3399
Tonga,2014,World,Consumer goods,Import,Import Product share(%),55.3859
Tonga,2014,World,Capital goods,Import,Import Product share(%),19.5563
Tonga,2014,World,Raw materials,Import,Import Product share(%),11.2637
Tonga,2013,World,Intermediate goods,Tariff,Weighted Average (%),7.245165162313
Tonga,2013,World,Consumer goods,Tariff,Weighted Average (%),5.55746629293309
Tonga,2013,World,Capital goods,Tariff,Weighted Average (%),4.59861138214625
Tonga,2013,World,Raw materials,Tariff,Weighted Average (%),2.11257662436094
Tonga,2014,World,All Products,Trade Indicator,World Growth (%),0.234767613927778
Tonga,2014,World,All Products,Trade Indicator,Country Growth (%),0.387492162153968
Tonga,2013,World,All Products,Tariff,Simple Average (%),11.0836586966172
Tonga,2013,World,All Products,Tariff,Weighted Average (%),5.17375959563365
Tonga,2013,World,All Products,Tariff,Maximum Rate (%),20
Tonga,2013,World,All Products,Tariff,Duty Free Tariff Lines Share (%),20.7731181842362
Tonga,2014,...,...,Trade Indicator,Index of export market penetration,1.19631604459525
Tonga,2014,...,...,Trade Indicator,HH Market concentration index,0.141450655931716
