Reporter,Year,Partner,Product categories,Indicator Type,Indicator,Indicator Value
Uganda,2020,United Arab Emirates,All Products,Export,Trade (US$ Mil)-Top 5 Export Partner,1844.838894
Uganda,2020,Kenya,All Products,Export,Trade (US$ Mil)-Top 5 Export Partner,465.547821
Uganda,2020,South Sudan,All Products,Export,Trade (US$ Mil)-Top 5 Export Partner,357.3391
Uganda,2020,"Congo, Dem. Rep.",All Products,Export,Trade (US$ Mil)-Top 5 Export Partner,267.18595
Uganda,2020,Italy,All Products,Export,Trade (US$ Mil)-Top 5 Export Partner,138.052359
Uganda,2020,China,All Products,Import,Trade (US$ Mil)-Top 5 Import Partner,1351.952033
Uganda,2020,India,All Products,Import,Trade (US$ Mil)-Top 5 Import Partner,959.110452
Uganda,2020,Kenya,All Products,Import,Trade (US$ Mil)-Top 5 Import Partner,773.23042
Uganda,2020,Tanzania,All Products,Import,Trade (US$ Mil)-Top 5 Import Partner,743.682318
Uganda,2020,United Arab Emirates,All Products,Import,Trade (US$ Mil)-Top 5 Import Partner,495.865802
Uganda,2020,World,Vegetable,Export,Export(US$ Mil),1046.409665
Uganda,2020,World,Textiles and Clothing,Export,Export(US$ Mil),60.289109
Uganda,2020,World,Intermediate goods,Export,Export(US$ Mil),2405.237021
Uganda,2020,World,Chemicals,Export,Export(US$ Mil),104.822162
Uganda,2020,World,Mach and Elec,Export,Export(US$ Mil),29.031614
Uganda,2020,World,Fuels,Export,Export(US$ Mil),98.572556
Uganda,2020,World,Metals,Export,Export(US$ Mil),108.648123
Uganda,2020,World,Food Products,Export,Export(US$ Mil),372.646348
Uganda,2020,World,Footwear,Export,Export(US$ Mil),8.069795
Uganda,2020,World,Consumer goods,Export,Export(US$ Mil),637.671644
Uganda,2020,World,Minerals,Export,Export(US$ Mil),76.416001
Uganda,2020,World,Stone and Glass,Export,Export(US$ Mil),1835.265564
Uganda,2020,World,Capital goods,Export,Export(US$ Mil),62.405008
Uganda,2020,World,Plastic or Rubber,Export,Export(US$ Mil),43.769213
Uganda,2020,World,Transportation,Export,Export(US$ Mil),57.951982
Uganda,2020,World,Hides and Skins,Export,Export(US$ Mil),10.456332
Uganda,2020,World,Miscellaneous,Export,Export(US$ Mil),13.284888
Uganda,2020,World,Animal,Export,Export(US$ Mil),214.662977
Uganda,2020,World,Wood,Export,Export(US$ Mil),68.662
Uganda,2020,World,Raw materials,Export,Export(US$ Mil),1039.030901
Uganda,2020,World,Consumer goods,Import,Import(US$ Mil),2827.985321
Uganda,2020,World,Intermediate goods,Import,Import(US$ Mil),3661.052641
Uganda,2020,World,Capital goods,Import,Import(US$ Mil),1378.521611
Uganda,2020,World,Raw materials,Import,Import(US$ Mil),353.979653
Uganda,2020,World,All Products,Export,Exports (in US$ Mil),4148.958329
Uganda,2020,World,All Products,Import,Imports (in US$ Mil),8250.512382
Uganda,2020,World,All Products,Tariff,Duty Free Imports (US$ Thousand),4462044.074
Uganda,2020,...,...,Tariff,No. Of Tariff Agreement,5
Uganda,2020,...,...,Import,No. Of Import partners,158
Uganda,2020,...,...,Import,No. Of Import products,3825
Uganda,2020,...,...,Export,No. Of Export partners,132
Uganda,2020,...,...,Export,No. Of Export products,2110
Uganda,,...,...,Others,Services Trade Restrictions Index - Over All,34.5
Uganda,2018,...,...,Others,Population,42723139
Uganda,2018,...,...,Others,CPIA Trade Ratings,4.5
Uganda,2016,...,...,Others,LPI Score,3.043284
Uganda,2016,...,...,Others,LPI Rank,58
Uganda,2019,...,...,Others,Trading Across Borders Rank,121
Uganda,2009,...,...,Others,Overall Trade Restrictiveness Index -  Applied Tariff,0.0826278
Uganda,2019,...,...,Others,Ease of Doing Business Rank,116
Uganda,2009,...,...,Others,Overall Trade Restrictiveness Index - MFN Tariff,0.1286412
Uganda,2020,United Arab Emirates,All Products,Export,Partner share(%)-Top 5 Export Partner,44.4651
Uganda,2020,Kenya,All Products,Export,Partner share(%)-Top 5 Export Partner,11.2208
Uganda,2020,South Sudan,All Products,Export,Partner share(%)-Top 5 Export Partner,8.6127
Uganda,2020,"Congo, Dem. Rep.",All Products,Export,Partner share(%)-Top 5 Export Partner,6.4398
Uganda,2020,Italy,All Products,Export,Partner share(%)-Top 5 Export Partner,3.3274
Uganda,2020,China,All Products,Import,Partner share(%)-Top 5 Import Partner,16.3863
Uganda,2020,India,All Products,Import,Partner share(%)-Top 5 Import Partner,11.6249
Uganda,2020,Kenya,All Products,Import,Partner share(%)-Top 5 Import Partner,9.3719
Uganda,2020,Tanzania,All Products,Import,Partner share(%)-Top 5 Import Partner,9.0138
Uganda,2020,United Arab Emirates,All Products,Import,Partner share(%)-Top 5 Import Partner,6.0101
Uganda,2020,World,Vegetable,Export,Export Product share(%),25.221
Uganda,2020,World,Textiles and Clothing,Export,Export Product share(%),1.4531
Uganda,2020,World,Intermediate goods,Export,Export Product share(%),57.9721
Uganda,2020,World,Food Products,Export,Export Product share(%),8.9817
Uganda,2020,World,Footwear,Export,Export Product share(%),0.1945
Uganda,2020,World,Consumer goods,Export,Export Product share(%),15.3694
Uganda,2020,World,Hides and Skins,Export,Export Product share(%),0.252
Uganda,2020,World,Miscellaneous,Export,Export Product share(%),0.3202
Uganda,2020,World,Chemicals,Export,Export Product share(%),2.5265
Uganda,2020,World,Mach and Elec,Export,Export Product share(%),0.6997
Uganda,2020,World,Minerals,Export,Export Product share(%),1.8418
Uganda,2020,World,Stone and Glass,Export,Export Product share(%),44.2344
Uganda,2020,World,Capital goods,Export,Export Product share(%),1.5041
Uganda,2020,World,Fuels,Export,Export Product share(%),2.3758
Uganda,2020,World,Metals,Export,Export Product share(%),2.6187
Uganda,2020,World,Animal,Export,Export Product share(%),5.1739
Uganda,2020,World,Wood,Export,Export Product share(%),1.6549
Uganda,2020,World,Raw materials,Export,Export Product share(%),25.0432
Uganda,2020,World,Plastic or Rubber,Export,Export Product share(%),1.0549
Uganda,2020,World,Transportation,Export,Export Product share(%),1.3968
Uganda,2020,World,Intermediate goods,Import,Import Product share(%),44.3736
Uganda,2020,World,Consumer goods,Import,Import Product share(%),34.2765
Uganda,2020,World,Capital goods,Import,Import Product share(%),16.7083
Uganda,2020,World,Raw materials,Import,Import Product share(%),4.2904
Uganda,2020,World,Intermediate goods,Tariff,Weighted Average (%),6.43364708652852
Uganda,2020,World,Consumer goods,Tariff,Weighted Average (%),14.6595929297195
Uganda,2020,World,Capital goods,Tariff,Weighted Average (%),3.68657157012757
Uganda,2020,World,Raw materials,Tariff,Weighted Average (%),6.02998838426072
Uganda,2020,World,All Products,Trade Indicator,World Growth (%),-3.74697080682465
Uganda,2020,World,All Products,Trade Indicator,Country Growth (%),-2.44535709009996
Uganda,2020,World,All Products,Tariff,Simple Average (%),13.2420818162657
Uganda,2020,World,All Products,Tariff,Weighted Average (%),8.09392826110798
Uganda,2020,World,All Products,Tariff,Maximum Rate (%),100
Uganda,2020,World,All Products,Tariff,Duty Free Tariff Lines Share (%),38.9195408310018
Uganda,2020,...,...,Trade Indicator,Index of export market penetration,2.13366222544136
Uganda,2020,...,...,Trade Indicator,HH Market concentration index,0.30730386546622
