Reporter,Year,Partner,Product categories,Indicator Type,Indicator,Indicator Value
Venezuela,2013,Unspecified,All Products,Export,Trade (US$ Mil)-Top 5 Export Partner,57806.5087
Venezuela,2013,"Other Asia, nes",All Products,Export,Trade (US$ Mil)-Top 5 Export Partner,28056.144279
Venezuela,2013,United States,All Products,Export,Trade (US$ Mil)-Top 5 Export Partner,550.147832
Venezuela,2013,China,All Products,Export,Trade (US$ Mil)-Top 5 Export Partner,254.069459
Venezuela,2013,Colombia,All Products,Export,Trade (US$ Mil)-Top 5 Export Partner,236.363628
Venezuela,2013,United States,All Products,Import,Trade (US$ Mil)-Top 5 Import Partner,10487.655403
Venezuela,2013,China,All Products,Import,Trade (US$ Mil)-Top 5 Import Partner,7645.215416
Venezuela,2013,Brazil,All Products,Import,Trade (US$ Mil)-Top 5 Import Partner,4503.094498
Venezuela,2013,Colombia,All Products,Import,Trade (US$ Mil)-Top 5 Import Partner,2257.918272
Venezuela,2013,Mexico,All Products,Import,Trade (US$ Mil)-Top 5 Import Partner,2231.987703
Venezuela,2013,World,Food Products,Export,Export(US$ Mil),20.909888
Venezuela,2013,World,Footwear,Export,Export(US$ Mil),0.562627
Venezuela,2013,World,Consumer goods,Export,Export(US$ Mil),11093.896752
Venezuela,2013,World,Fuels,Export,Export(US$ Mil),85918.587943
Venezuela,2013,World,Metals,Export,Export(US$ Mil),448.337191
Venezuela,2013,World,Minerals,Export,Export(US$ Mil),274.039565
Venezuela,2013,World,Stone and Glass,Export,Export(US$ Mil),14.160514
Venezuela,2013,World,Capital goods,Export,Export(US$ Mil),173.501132
Venezuela,2013,World,Plastic or Rubber,Export,Export(US$ Mil),36.042517
Venezuela,2013,World,Transportation,Export,Export(US$ Mil),109.040382
Venezuela,2013,World,Vegetable,Export,Export(US$ Mil),11.718298
Venezuela,2013,World,Textiles and Clothing,Export,Export(US$ Mil),2.198145
Venezuela,2013,World,Intermediate goods,Export,Export(US$ Mil),1495.47645
Venezuela,2013,World,Chemicals,Export,Export(US$ Mil),995.37302
Venezuela,2013,World,Mach and Elec,Export,Export(US$ Mil),62.508474
Venezuela,2013,World,Animal,Export,Export(US$ Mil),5.552697
Venezuela,2013,World,Wood,Export,Export(US$ Mil),4.569967
Venezuela,2013,World,Raw materials,Export,Export(US$ Mil),75181.299001
Venezuela,2013,World,Hides and Skins,Export,Export(US$ Mil),24.605897
Venezuela,2013,World,Miscellaneous,Export,Export(US$ Mil),33.006179
Venezuela,2013,World,Intermediate goods,Import,Import(US$ Mil),12247.318232
Venezuela,2013,World,Consumer goods,Import,Import(US$ Mil),11468.596256
Venezuela,2013,World,Capital goods,Import,Import(US$ Mil),13621.216898
Venezuela,2013,World,Raw materials,Import,Import(US$ Mil),3972.848458
Venezuela,2013,World,All Products,Export,Exports (in US$ Mil),87961.213304
Venezuela,2013,World,All Products,Import,Imports (in US$ Mil),44951.787132
Venezuela,2013,World,All Products,Tariff,Duty Free Imports (US$ Thousand),8532281.501
Venezuela,2013,...,...,Tariff,No. Of Tariff Agreement,53
Venezuela,2013,...,...,Import,No. Of Import partners,170
Venezuela,2013,...,...,Import,No. Of Import products,4210
Venezuela,2013,...,...,Export,No. Of Export partners,80
Venezuela,2013,...,...,Export,No. Of Export products,1628
Venezuela,2018,...,...,Others,Population,28870195
Venezuela,2016,...,...,Others,LPI Score,2.39078
Venezuela,2016,...,...,Others,LPI Rank,122
Venezuela,2019,...,...,Others,Ease of Doing Business Rank,188
Venezuela,2014,...,...,Others,No Of NTM Affected Products (HS 6 Digit),3973
Venezuela,2014,...,...,Others,No Of NTM Measures,39
Venezuela,2009,...,...,Others,Overall Trade Restrictiveness Index - MFN Tariff,0.2121515
Venezuela,2019,...,...,Others,Trading Across Borders Rank,188
Venezuela,2009,...,...,Others,Overall Trade Restrictiveness Index -  Applied Tariff,0.1438589
Venezuela,,...,...,Others,Services Trade Restrictions Index - Over All,35
Venezuela,2013,Unspecified,All Products,Export,Partner share(%)-Top 5 Export Partner,65.7182
Venezuela,2013,"Other Asia, nes",All Products,Export,Partner share(%)-Top 5 Export Partner,31.896
Venezuela,2013,United States,All Products,Export,Partner share(%)-Top 5 Export Partner,0.6254
Venezuela,2013,China,All Products,Export,Partner share(%)-Top 5 Export Partner,0.2888
Venezuela,2013,Colombia,All Products,Export,Partner share(%)-Top 5 Export Partner,0.2687
Venezuela,2013,United States,All Products,Import,Partner share(%)-Top 5 Import Partner,23.3309
Venezuela,2013,China,All Products,Import,Partner share(%)-Top 5 Import Partner,17.0076
Venezuela,2013,Brazil,All Products,Import,Partner share(%)-Top 5 Import Partner,10.0176
Venezuela,2013,Colombia,All Products,Import,Partner share(%)-Top 5 Import Partner,5.023
Venezuela,2013,Mexico,All Products,Import,Partner share(%)-Top 5 Import Partner,4.9653
Venezuela,2013,World,Vegetable,Export,Export Product share(%),0.0133
Venezuela,2013,World,Textiles and Clothing,Export,Export Product share(%),0.0025
Venezuela,2013,World,Intermediate goods,Export,Export Product share(%),1.7002
Venezuela,2013,World,Animal,Export,Export Product share(%),0.0063
Venezuela,2013,World,Wood,Export,Export Product share(%),0.0052
Venezuela,2013,World,Raw materials,Export,Export Product share(%),85.471
Venezuela,2013,World,Fuels,Export,Export Product share(%),97.6778
Venezuela,2013,World,Metals,Export,Export Product share(%),0.5097
Venezuela,2013,World,Plastic or Rubber,Export,Export Product share(%),0.041
Venezuela,2013,World,Transportation,Export,Export Product share(%),0.124
Venezuela,2013,World,Food Products,Export,Export Product share(%),0.0238
Venezuela,2013,World,Footwear,Export,Export Product share(%),0.0006
Venezuela,2013,World,Consumer goods,Export,Export Product share(%),12.6123
Venezuela,2013,World,Hides and Skins,Export,Export Product share(%),0.028
Venezuela,2013,World,Miscellaneous,Export,Export Product share(%),0.0375
Venezuela,2013,World,Chemicals,Export,Export Product share(%),1.1316
Venezuela,2013,World,Mach and Elec,Export,Export Product share(%),0.0711
Venezuela,2013,World,Minerals,Export,Export Product share(%),0.3115
Venezuela,2013,World,Stone and Glass,Export,Export Product share(%),0.0161
Venezuela,2013,World,Capital goods,Export,Export Product share(%),0.1972
Venezuela,2013,World,Raw materials,Import,Import Product share(%),8.838
Venezuela,2013,World,Intermediate goods,Import,Import Product share(%),27.2455
Venezuela,2013,World,Consumer goods,Import,Import Product share(%),25.5131
Venezuela,2013,World,Capital goods,Import,Import Product share(%),30.3018
Venezuela,2013,World,Intermediate goods,Tariff,Weighted Average (%),9.15384718245912
Venezuela,2013,World,Capital goods,Tariff,Weighted Average (%),7.46950573349498
Venezuela,2013,World,Consumer goods,Tariff,Weighted Average (%),10.5636900299608
Venezuela,2013,World,Raw materials,Tariff,Weighted Average (%),5.42271395403827
Venezuela,2013,World,All Products,Trade Indicator,World Growth (%),1.18063513290667
Venezuela,2013,World,All Products,Trade Indicator,Country Growth (%),-4.21797218426845
Venezuela,2013,World,All Products,Tariff,Simple Average (%),11.6450789597354
Venezuela,2013,World,All Products,Tariff,Weighted Average (%),8.41781135728967
Venezuela,2013,World,All Products,Tariff,Maximum Rate (%),40
Venezuela,2013,World,All Products,Tariff,Duty Free Tariff Lines Share (%),13.5420874482874
Venezuela,2013,...,...,Trade Indicator,Index of export market penetration,2.53839767097661
Venezuela,2013,...,...,Trade Indicator,HH Market concentration index,0.233723235845177
