sector,MAE,Error_Std,Max_Error,Bias,Sample_Size
Manufacture of other transport equipment,52.7234,283.5454,2204.6719,36.3644,60
Manufacture of furniture,51.7618,285.7048,2224.6272,35.8508,60
"Manufacture of motor vehicles, trailers and semi-trailers",51.5534,282.8758,2196.461,38.2319,60
Manufacture of tobacco products,50.1831,284.2797,2212.0152,32.9025,60
Manufacture of leather and related products,48.0865,284.6441,2213.4816,31.0862,60
"Manufacture of fabricated metal products, except machinery and equipment",43.0008,256.7376,1996.0674,31.45,60
Manufacture of electrical equipment,38.5084,177.3928,1384.1471,23.091,60
Other manufacturing,31.6573,98.8536,769.0434,14.4562,60
Manufacture of beverages,29.8973,148.5548,1152.6513,18.2271,60
"Manufacture of computer, electronic and optical products",28.4351,104.7787,815.3008,9.7984,60
Manufacture of wearing apparel,26.4226,94.871,741.2901,6.6215,60
Manufacture of machinery and equipment n.e.c.,25.5543,117.8384,916.1352,14.8124,60
Manufacture of textiles,24.8283,120.2592,926.5357,13.4,60
Manufacture of other non-metallic mineral products,18.5452,81.9903,637.0144,9.2368,60
Manufacture of paper and paper products,13.6412,38.0462,289.2055,2.0319,60
Printing and reproduction of recorded media,12.445,23.9453,178.1875,-0.2216,60
"Manufacture of pharmaceuticals, medicinal chemical and botanical products",12.018,14.1716,93.2122,-1.1654,60
Manufacture of basic metals,10.5338,39.4006,299.9538,4.6553,60
Manufacture of rubber and plastics products,10.2834,31.7797,240.8148,2.7866,60
Manufacture of chemicals and chemical products,7.3421,15.6904,112.7731,0.7669,60
Manufacture of coke and refined petroleum products,5.5725,6.0723,35.2291,-0.2082,60
Manufacture of food products,5.4449,4.5337,21.8825,-1.1611,60
